crawled_at,site_type,site_name,url,title,status,relevance_label,relevance_score,quarantined,content_excluded,metadata_items,reasons
2026-04-18T05:41:31.878407+00:00,distillery,Amrut,https://amrutdistilleries.com/amrut-single-malt-whisky-greedy-angels-chairmans-reserve-8-years-old-50-duplicate/,8 Year Old Whisky | Premium Indian Single Malt Whisky | 50% ABV,ok:direct-parallel,Medium,38,0,0,22,rich extracted metadata
2026-04-18T05:41:31.046544+00:00,distillery,Amrut,https://amrutdistilleries.com/amrut-single-malt-whisky-greedy-angels-chairmans-reserve-12-years-old-60-duplicate/,12 Year Old Bourbon Cask Whisky | 60% ABV | Best Indian Whisky,ok:direct-parallel,Medium,38,0,0,23,rich extracted metadata
2026-04-18T05:41:30.231911+00:00,distillery,Amrut,https://amrutdistilleries.com/amrut-single-malt-whisky-greedy-angels-ex-bourbon-finish-chairmans-reserve-12-years-old-60-duplicate/,Amrut Greedy Angels 12-Year Old Whisky | Best Indian Whisky,ok:direct-parallel,Medium,38,0,0,20,rich extracted metadata
2026-04-18T05:40:17.350115+00:00,distillery,Amrut,https://amrutdistilleries.com/amrut-single-malt-whisky-greedy-angels-chairmans-reserve-10-years-old-55-duplicate/,Chairman’s Reserve | 10 Yr Old Single Malt Whisky | Indian Whisky,ok:direct-parallel,Medium,38,0,0,22,rich extracted metadata
2026-04-18T05:40:16.519567+00:00,distillery,Amrut,https://amrutdistilleries.com/amrut-single-malt-whisky-double-cask-46-duplicate/,Amrut Double Cask Single Malt | Single Malt Whisky | 46%,ok:direct-parallel,Medium,38,0,0,29,rich extracted metadata
2026-04-18T05:40:15.694689+00:00,distillery,Amrut,https://amrutdistilleries.com/amrut-rye-single-malt-whisky-50-duplicate/,Amrut Rye Single Malt | India’s First 100% Malted Rye Whisky,ok:direct-parallel,Medium,38,0,0,24,rich extracted metadata
2026-04-18T05:40:14.877785+00:00,distillery,Amrut,https://amrutdistilleries.com/amrut-single-cask-single-grain-indian-whisky-57-1-duplicate/,Amrut Single Grain Whisky | 57.1% ABV | Rare Indian Whisky,ok:direct-parallel,Medium,38,0,0,21,rich extracted metadata
2026-04-18T05:38:41.487480+00:00,distillery,Amrut,https://amrutdistilleries.com/amrut-rajigala-indian-single-malt-whisky-40-duplicate/,Amrut Rajigala | Premium Indian Whisky | Best Single Malt Whisky,ok:direct-parallel,Medium,30,0,0,20,rich extracted metadata
2026-04-18T05:38:40.660988+00:00,distillery,Amrut,https://amrutdistilleries.com/amrut-peated-indian-single-malt-whisky-cask-strength-62-8-duplicate/,Amrut Peated Cask Strength | 62.8% | Award Winning Indian Malt,ok:direct-parallel,Medium,38,0,0,23,rich extracted metadata
2026-04-18T05:38:39.845820+00:00,distillery,Amrut,https://amrutdistilleries.com/amrut-peated-indiansingle-malt-whisky-46/,Amrut Peated Whisky | Best Whiskies in India | 46% ABV,ok:direct-parallel,Medium,38,0,0,20,rich extracted metadata
2026-04-18T05:38:39.027501+00:00,distillery,Amrut,https://amrutdistilleries.com/amrut-portonova-single-malt-whisky-62-1-old-label-duplicate/,Premium Indian Whisky with Port Pipe Finish | Best Single Malt Whisky,ok:direct-parallel,Medium,38,0,0,22,rich extracted metadata
2026-04-18T05:37:09.466769+00:00,distillery,Amrut,https://amrutdistilleries.com/amrut-master-distillers-reserve-indian-single-malt-whisky-50-duplicate/,Amrut Master Distiller’s Reserve | Award-Winning Premium Whisky,ok:direct-parallel,Medium,30,0,0,12,rich extracted metadata
2026-04-18T05:37:08.640094+00:00,distillery,Amrut,https://amrutdistilleries.com/amrut-naarangi-single-malt-whisky-50-duplicate/,Amrut Naarangi | Best Indian Whisky | Limited Edition Whisky | 50%,ok:direct-parallel,Medium,38,0,0,26,rich extracted metadata
2026-04-18T05:37:07.814097+00:00,distillery,Amrut,https://amrutdistilleries.com/amrut-nativity-indian-single-malt-whisky-46-bangalore-duty-free-duplicate/,Amrut Nativity | Award Winning Indian Single Malt Whisky | 46%,ok:direct-parallel,Medium,38,0,0,29,rich extracted metadata
2026-04-18T05:37:06.995517+00:00,distillery,Amrut,https://amrutdistilleries.com/amrut-kadhambamsingle-maltwhisky-50-duplicate/,Amrut Kadhambam 50% | Single Malt Whisky | Premium Whisky,ok:direct-parallel,Medium,38,0,0,26,rich extracted metadata
2026-04-18T05:35:47.951060+00:00,distillery,Amrut,https://amrutdistilleries.com/amrut-indian-singlemalt-whisky-caskstrength-61-8/,Amrut Indian Single Malt Whisky | 61.8% | Premium Indian Whisky,ok:direct-parallel,Medium,38,0,0,21,rich extracted metadata
2026-04-18T05:35:47.126309+00:00,distillery,Amrut,https://amrutdistilleries.com/amrut-indian-single-malt-whisky-portonova-62-1-duplicate/,Amrut Portonova | 62.1% | Premium Indian Single Malt Whisky,ok:direct-parallel,Medium,38,0,0,26,rich extracted metadata
2026-04-18T05:35:46.309632+00:00,distillery,Amrut,https://amrutdistilleries.com/amrut-indian-single-malt-whisky-special-limited-edition-50-madira-finish-duplicate/,Amrut Indian Single Malt Whisky 50% | Best Indian Whisky,ok:direct-parallel,Medium,38,0,0,21,rich extracted metadata
2026-04-18T05:35:45.487241+00:00,distillery,Amrut,https://amrutdistilleries.com/amrut-indian-single-malt-whisky-special-limited-edition-60-duplicate/,Amrut 60% ABV Single Malt | Best Indian Whisky Limited Release,ok:direct-parallel,Medium,38,0,0,21,rich extracted metadata
2026-04-18T05:34:21.322667+00:00,distillery,Amrut,https://amrutdistilleries.com/amrut-indian-single-malt-whisky-bagheera-sherry-cask-finish-46-3-pack-duplicate/,Amrut Bagheera | Best Indian Single Malt Whisky | Sherry Cask,ok:direct-parallel,Medium,38,0,0,30,rich extracted metadata
2026-04-18T05:34:20.497042+00:00,distillery,Amrut,https://amrutdistilleries.com/amrut-indian-single-malt-whisky-46-duplicate/,Amrut Indian Single Malt Whisky | 46% | Premium Indian Whisky,ok:direct-parallel,Medium,38,0,0,23,rich extracted metadata
2026-04-18T05:34:19.632060+00:00,distillery,Amrut,https://amrutdistilleries.com/amrut-indian-single-malt-whisky-intermediate-sherry-57-1-duplicate/,Amrut Intermediate Sherry | Best Indian Single Malt Whisky | 57.1%,ok:direct-parallel,Medium,30,0,0,21,rich extracted metadata
2026-04-18T05:34:18.798197+00:00,distillery,Amrut,https://amrutdistilleries.com/amrut-indian-single-malt-whisky-aatma-single-cask-single-barrel-collector-series-56-5-duplicate/,Amrut Indian Single Malt Whisky | Amrut Aatma | Best Single Malt,ok:direct-parallel,Medium,30,0,0,17,rich extracted metadata
2026-04-18T05:32:51.281151+00:00,distillery,Amrut,https://amrutdistilleries.com/amrut-fusion-x-single-malt-whisky-50-duplicate/,AMRUT FUSION X SINGLE MALT WHISKY 50% | PREMIUM WHISKY,ok:direct-parallel,Medium,38,0,0,24,rich extracted metadata
2026-04-18T05:32:50.450708+00:00,distillery,Amrut,https://amrutdistilleries.com/amrut-herald-single-malt-whisky-60-8-59-6-duplicate/,Amrut Herald Single Malt Whisky | Best Indian Single Malt Whisky,ok:direct-parallel,Medium,38,0,0,21,rich extracted metadata
2026-04-18T05:32:49.618936+00:00,distillery,Amrut,https://amrutdistilleries.com/amrut-fusion-singlemalt-whisky-50-duplicate/,Amrut Fusion Single Malt Whisky 50% Duplicate | Premium Whisky,ok:direct-parallel,Medium,38,0,0,23,rich extracted metadata
2026-04-18T05:32:48.685509+00:00,distillery,Amrut,https://amrutdistilleries.com/amrut-fusion-xi-single-malt-whisky-50-duplicate/,Amrut Fusion XI 50% | Exclusive Indian Single Malt | Limited Anniversary Release,ok:direct-parallel,Medium,38,0,0,25,rich extracted metadata
2026-04-18T05:31:20.752041+00:00,distillery,Amrut,https://amrutdistilleries.com/news-article-2/,News & Article 2 - World's Best Single Malt Whisky | Amrut Distilleries Pvt. Ltd.,ok:direct-parallel,Medium,20,0,0,9,some extracted metadata
2026-04-18T05:31:19.929828+00:00,distillery,Amrut,https://amrutdistilleries.com/amrut-amalgam-malt-whiskey/,Indian Blended Malt Whiskey with Global Character | Amrut Amalgam,ok:direct-parallel,Medium,38,0,0,24,rich extracted metadata
2026-04-18T05:31:18.954314+00:00,distillery,Amrut,https://amrutdistilleries.com/amrut-100-peated-single-malt-whisky-57-1-duplicate/,Amrut 100 Peated Whisky | Premium Indian Single Malt Whisky,ok:direct-parallel,Medium,30,0,0,26,rich extracted metadata
2026-04-18T05:30:12.283821+00:00,distillery,Amrut,https://amrutdistilleries.com/amrut-amaze-indian-single-malt-whisky-50-duplicate/,,error:direct:direct-parallel https://amrutdistilleries.com/amrut-amaze-indian-single-malt-whisky-50-duplicate/: HTTP Error 404: Not Found,Low,0,0,0,0,
2026-04-18T05:30:09.295292+00:00,distillery,The Macallan,https://www.themacallan.com/,,error:direct:direct-rescrape https://www.themacallan.com/: HTTP Error 403: Forbidden,Low,0,0,0,0,
2026-04-18T05:30:09.050494+00:00,distillery,Highland Park,https://www.highlandparkwhisky.com/,,error:direct:direct-rescrape https://www.highlandparkwhisky.com/: HTTP Error 403: Forbidden,Low,0,0,0,0,
2026-04-18T05:30:08.634217+00:00,distillery,The Gospel Whisky,https://thegospelwhisky.com/,,error:direct:direct-rescrape https://thegospelwhisky.com/: <urlopen error timed out>,Low,0,0,0,0,
2026-04-18T01:54:39.358265+00:00,distillery,Uncle Nearest,https://unclenearest.com/transparency/,TRANSPARENCY - Uncle Nearest Premium Whiskey - 100 Proof from Tennessee Uncle Nearest Premium Whiskey – 100 Proof from Tennessee,ok:direct-parallel,Medium,38,0,0,25,rich extracted metadata
2026-04-18T01:53:59.730452+00:00,distillery,Uncle Nearest,https://unclenearest.com/toasted-single-barrel-whiskey/,Toasted Single Barrel Whiskey - Uncle Nearest Premium Whiskey - 100 Proof from Tennessee Uncle Nearest Premium Whiskey – 100 Proof from Tennessee,ok:direct-parallel,Medium,38,0,0,21,rich extracted metadata
2026-04-18T01:53:58.919707+00:00,distillery,Uncle Nearest,https://unclenearest.com/tours/,Tours - Uncle Nearest Premium Whiskey - 100 Proof from Tennessee Uncle Nearest Premium Whiskey – 100 Proof from Tennessee,ok:direct-parallel,Medium,38,0,0,14,rich extracted metadata
2026-04-18T01:53:58.915373+00:00,distillery,Uncle Nearest,https://unclenearest.com/terms-conditions/,Terms & Conditions - Uncle Nearest Premium Whiskey - 100 Proof from Tennessee Uncle Nearest Premium Whiskey – 100 Proof from Tennessee,excluded:not-whisky-relevant,Low,8,1,1,0,low relevance score with weak whisky evidence; quarantined to protect enrichment quality
2026-04-18T01:53:14.000075+00:00,distillery,Uncle Nearest,https://unclenearest.com/single-barrel-rye-whiskey/,Single Barrel Rye Whiskey - Uncle Nearest Premium Whiskey - 100 Proof from Tennessee Uncle Nearest Premium Whiskey – 100 Proof from Tennessee,ok:direct-parallel,Medium,20,0,0,5,some extracted metadata
2026-04-18T01:53:13.155234+00:00,distillery,Uncle Nearest,https://unclenearest.com/straight-rye-whiskey/,Straight Rye Whiskey - Uncle Nearest Premium Whiskey - 100 Proof from Tennessee Uncle Nearest Premium Whiskey – 100 Proof from Tennessee,ok:direct-parallel,Medium,38,0,0,18,rich extracted metadata
2026-04-18T01:53:12.338429+00:00,distillery,Uncle Nearest,https://unclenearest.com/single-barrel-whiskey/,Single Barrel Whiskey - Uncle Nearest Premium Whiskey - 100 Proof from Tennessee Uncle Nearest Premium Whiskey – 100 Proof from Tennessee,ok:direct-parallel,Medium,38,0,0,13,rich extracted metadata
2026-04-18T01:52:18.749961+00:00,distillery,Uncle Nearest,https://unclenearest.com/singlebarrelshowdown/,,error:direct:direct-parallel https://unclenearest.com/singlebarrelshowdown/: HTTP Error 404: Not Found,Low,0,0,0,0,
2026-04-18T01:52:15.603413+00:00,distillery,Uncle Nearest,https://unclenearest.com/shop/,Shop - Uncle Nearest Premium Whiskey - 100 Proof from Tennessee Uncle Nearest Premium Whiskey – 100 Proof from Tennessee,ok:direct-parallel,Medium,30,0,0,16,rich extracted metadata
2026-04-18T01:52:14.785561+00:00,distillery,Uncle Nearest,https://unclenearest.com/private-events-and-tours/,Private Events and Tours - Uncle Nearest Premium Whiskey - 100 Proof from Tennessee Uncle Nearest Premium Whiskey – 100 Proof from Tennessee,ok:quarantined:direct-parallel,Low,14,1,0,2,low relevance score; quarantined to protect enrichment quality
2026-04-18T01:52:13.967829+00:00,distillery,Uncle Nearest,https://unclenearest.com/premium-aged-whiskey/,Premium Aged Whiskey - Uncle Nearest Premium Whiskey - 100 Proof from Tennessee Uncle Nearest Premium Whiskey – 100 Proof from Tennessee,ok:direct-parallel,Medium,38,0,0,14,rich extracted metadata
2026-04-18T01:52:13.964381+00:00,distillery,Uncle Nearest,https://unclenearest.com/privacy/,Privacy Policy - Uncle Nearest Premium Whiskey - 100 Proof from Tennessee Uncle Nearest Premium Whiskey – 100 Proof from Tennessee,excluded:not-whisky-relevant,Low,8,1,1,0,low relevance score with weak whisky evidence; quarantined to protect enrichment quality
2026-04-18T01:51:14.584980+00:00,distillery,Uncle Nearest,https://unclenearest.com/Loveand%20Whiskey_Chapter1Excerpt_singlepages.pdf,Loveand%20Whiskey_Chapter1Excerpt_singlepages.pdf,ok:direct-parallel,Medium,30,0,0,15,rich extracted metadata
2026-04-18T01:51:13.759315+00:00,distillery,Uncle Nearest,https://unclenearest.com/venue/booker-restaurant-bar/,Booker Restaurant & Bar - Uncle Nearest Premium Whiskey - 100 Proof from Tennessee Uncle Nearest Premium Whiskey – 100 Proof from Tennessee,ok:direct-parallel,Medium,30,0,0,12,rich extracted metadata
2026-04-18T01:51:12.939079+00:00,distillery,Uncle Nearest,https://unclenearest.com/nearest-green-tennessee-whiskey/,Nearest Green Tennessee Whiskey - Uncle Nearest Premium Whiskey - 100 Proof from Tennessee Uncle Nearest Premium Whiskey – 100 Proof from Tennessee,ok:direct-parallel,Medium,28,0,0,10,some extracted metadata
2026-04-18T01:50:07.751684+00:00,distillery,Uncle Nearest,https://unclenearest.com/nearest-and-jack-advancement-initiative/,,error:direct:direct-parallel https://unclenearest.com/nearest-and-jack-advancement-initiative/: HTTP Error 404: Not Found,Low,0,0,0,0,
2026-04-18T01:49:58.279187+00:00,distillery,Uncle Nearest,https://unclenearest.com/nearest-green-distillery-faqs/,Nearest Green Distillery FAQ’s - Uncle Nearest Premium Whiskey - 100 Proof from Tennessee Uncle Nearest Premium Whiskey – 100 Proof from Tennessee,ok:direct-parallel,Medium,38,0,0,21,rich extracted metadata
2026-04-18T01:49:57.451294+00:00,distillery,Uncle Nearest,https://unclenearest.com/live/,"Events from February 8, 2002 – May 18, 2020 – Uncle Nearest Premium Whiskey – 100 Proof from Tennessee Uncle Nearest Premium Whiskey – 100 Proof from Tennessee",ok:direct-parallel,Medium,30,0,0,12,rich extracted metadata
2026-04-18T01:49:56.623733+00:00,distillery,Uncle Nearest,https://unclenearest.com/loveandwhiskeybook/,loveandwhiskeybook - Uncle Nearest Premium Whiskey - 100 Proof from Tennessee Uncle Nearest Premium Whiskey – 100 Proof from Tennessee,ok:direct-parallel,Medium,30,0,0,14,rich extracted metadata
2026-04-18T01:49:55.803526+00:00,distillery,Uncle Nearest,https://unclenearest.com/master-blend/,Master Blend Whiskey - Uncle Nearest Premium Whiskey - 100 Proof from Tennessee Uncle Nearest Premium Whiskey – 100 Proof from Tennessee,ok:direct-parallel,Medium,38,0,0,13,rich extracted metadata
2026-04-18T01:48:19.681278+00:00,distillery,Uncle Nearest,https://unclenearest.com/wp-content/uploads/2023/03/Rules-for-Road-to-a-Million-Sweepstakes-Mar-2023.pdf,Road to a Million - official rules,ok:direct-parallel,Medium,38,0,0,13,rich extracted metadata
2026-04-18T01:48:18.866724+00:00,distillery,Uncle Nearest,https://unclenearest.com/distillery-inquiry/,Distillery Inquiry - Uncle Nearest Premium Whiskey - 100 Proof from Tennessee Uncle Nearest Premium Whiskey – 100 Proof from Tennessee,ok:direct-parallel,Medium,38,0,0,12,rich extracted metadata
2026-04-18T01:48:18.048470+00:00,distillery,Uncle Nearest,https://unclenearest.com/wp-content/uploads/2023/06/NGD-Funding-Guidelines-1.pdf,Funding Guidelines,ok:direct-parallel,Medium,20,0,0,9,some extracted metadata
2026-04-18T01:48:17.230502+00:00,distillery,Uncle Nearest,https://unclenearest.com/events/,Events - Uncle Nearest Premium Whiskey - 100 Proof from Tennessee Uncle Nearest Premium Whiskey – 100 Proof from Tennessee,ok:direct-parallel,Medium,30,0,0,14,rich extracted metadata
2026-04-18T01:46:55.447062+00:00,distillery,Uncle Nearest,https://unclenearest.com/distributors/,Distributors - Uncle Nearest Premium Whiskey - 100 Proof from Tennessee Uncle Nearest Premium Whiskey – 100 Proof from Tennessee,ok:direct-parallel,Medium,30,0,0,16,rich extracted metadata
2026-04-18T01:46:54.585721+00:00,distillery,Uncle Nearest,https://unclenearest.com/donation-sponsorship/,Donation & Sponsorship - Uncle Nearest Premium Whiskey - 100 Proof from Tennessee Uncle Nearest Premium Whiskey – 100 Proof from Tennessee,ok:direct-parallel,Medium,20,0,0,5,some extracted metadata
2026-04-18T01:46:53.760901+00:00,distillery,Uncle Nearest,https://unclenearest.com/distillery/,Nearest Green Distillery - Most Awarded American Whiskey Uncle Nearest Premium Whiskey – 100 Proof from Tennessee,ok:direct-parallel,Medium,38,0,0,14,rich extracted metadata
2026-04-18T01:46:52.943044+00:00,distillery,Uncle Nearest,https://unclenearest.com/events-or-sponsorship-request/,Events or Sponsorship Request - Uncle Nearest Premium Whiskey - 100 Proof from Tennessee Uncle Nearest Premium Whiskey – 100 Proof from Tennessee,ok:direct-parallel,Medium,30,0,0,14,rich extracted metadata
2026-04-18T01:45:40.370662+00:00,distillery,Uncle Nearest,https://unclenearest.com/all-press/,All Press - Uncle Nearest Premium Whiskey - 100 Proof from Tennessee Uncle Nearest Premium Whiskey – 100 Proof from Tennessee,ok:direct-parallel,Medium,20,0,0,7,some extracted metadata
2026-04-18T01:45:39.542932+00:00,distillery,Uncle Nearest,https://unclenearest.com/awards/,Awards - Uncle Nearest Premium Whiskey - 100 Proof from Tennessee Uncle Nearest Premium Whiskey – 100 Proof from Tennessee,ok:direct-parallel,Medium,20,0,0,11,some extracted metadata
2026-04-18T01:45:38.724589+00:00,distillery,Uncle Nearest,https://unclenearest.com/cognac-cask-whiskey/,Cognac Cask Whiskey - Uncle Nearest Premium Whiskey - 100 Proof from Tennessee Uncle Nearest Premium Whiskey – 100 Proof from Tennessee,ok:direct-parallel,Medium,38,0,0,22,rich extracted metadata
2026-04-18T01:45:38.720260+00:00,distillery,Uncle Nearest,https://unclenearest.com/contact-us/,Contact Us - Uncle Nearest Premium Whiskey - 100 Proof from Tennessee Uncle Nearest Premium Whiskey – 100 Proof from Tennessee,excluded:not-whisky-relevant,Low,8,1,1,0,low relevance score with weak whisky evidence; quarantined to protect enrichment quality
2026-04-18T01:44:34.337256+00:00,distillery,Uncle Nearest,https://unclenearest.com/history/,History - Uncle Nearest Premium Whiskey - 100 Proof from Tennessee Uncle Nearest Premium Whiskey – 100 Proof from Tennessee,ok:direct-parallel,Medium,20,0,0,8,some extracted metadata
2026-04-18T01:44:33.470117+00:00,distillery,Uncle Nearest,https://unclenearest.com/press/,Press – Uncle Nearest Premium Whiskey – 100 Proof from Tennessee Uncle Nearest Premium Whiskey – 100 Proof from Tennessee,ok:direct-parallel,Medium,20,0,0,10,some extracted metadata
2026-04-18T01:44:32.654444+00:00,distillery,Uncle Nearest,https://unclenearest.com/1884-small-batch-whiskey/,1884 Small Batch Whiskey - Uncle Nearest Premium Whiskey - 100 Proof from Tennessee Uncle Nearest Premium Whiskey – 100 Proof from Tennessee,ok:direct-parallel,Medium,30,0,0,13,rich extracted metadata
2026-04-18T01:44:32.650666+00:00,distillery,Uncle Nearest,https://unclenearest.com/accessibility/,Accessibility Statement - Uncle Nearest Premium Whiskey - 100 Proof from Tennessee Uncle Nearest Premium Whiskey – 100 Proof from Tennessee,excluded:not-whisky-relevant,Low,8,1,1,0,low relevance score with weak whisky evidence; quarantined to protect enrichment quality
2026-04-18T01:43:41.229912+00:00,distillery,Jack Daniel's,https://www.jackdaniels.com/,,error:direct:direct-parallel https://www.jackdaniels.com/: HTTP Error 404: Not Found,Low,0,0,0,0,
2026-04-18T01:42:51.387770+00:00,distillery,Wild Turkey,https://www.wildturkeybourbon.com/cocktails/sazerac/,Sazerac - whiskey cocktail recipe | Wild Turkey Bourbon,ok:direct-parallel,Medium,38,0,0,14,rich extracted metadata
2026-04-18T01:42:50.572275+00:00,distillery,Wild Turkey,https://www.wildturkeybourbon.com/cocktails/rye-swizzle/,Rye Swizzle - whiskey cocktail recipe | Wild Turkey Bourbon,ok:direct-parallel,Medium,38,0,0,16,rich extracted metadata
2026-04-18T01:42:08.604206+00:00,distillery,Wild Turkey,https://www.wildturkeybourbon.com/cocktails/paper-plane/,Paper Plane - bourbon whiskey cocktail recipe | Wild Turkey,ok:direct-parallel,Medium,38,0,0,13,rich extracted metadata
2026-04-18T01:42:07.736988+00:00,distillery,Wild Turkey,https://www.wildturkeybourbon.com/cocktails/new-york/,New York - whiskey cocktail recipe | Wild Turkey,ok:direct-parallel,Medium,38,0,0,18,rich extracted metadata
2026-04-18T01:42:06.898279+00:00,distillery,Wild Turkey,https://www.wildturkeybourbon.com/cocktails/mint-julep/,Mint Julep - bourbon whiskey cocktail recipe | Wild Turkey Bourbon,ok:direct-parallel,Medium,38,0,0,13,rich extracted metadata
2026-04-18T01:42:06.078488+00:00,distillery,Wild Turkey,https://www.wildturkeybourbon.com/cocktails/old-fashioned/,101 Old Fashioned - bourbon whiskey cocktail | Wild Turkey Bourbon,ok:direct-parallel,Medium,38,0,0,21,rich extracted metadata
2026-04-18T01:41:03.244725+00:00,distillery,Wild Turkey,https://www.wildturkeybourbon.com/cocktails/brown-derby/,Brown Derby - bourbon whiskey cocktail recipe | Wild Turkey Bourbon,ok:direct-parallel,Medium,38,0,0,16,rich extracted metadata
2026-04-18T01:41:02.413657+00:00,distillery,Wild Turkey,https://www.wildturkeybourbon.com/cocktails/manhattan/,Manhattan - whiskey cocktail recipe | Wild Turkey,ok:direct-parallel,Medium,38,0,0,13,rich extracted metadata
2026-04-18T01:41:01.584435+00:00,distillery,Wild Turkey,https://www.wildturkeybourbon.com/cocktails/hot-toddy/,Hot Toddy - bourbon whiskey cocktail recipe | Wild Turkey Bourbon,ok:direct-parallel,Medium,38,0,0,14,rich extracted metadata
2026-04-18T01:41:00.761497+00:00,distillery,Wild Turkey,https://www.wildturkeybourbon.com/cocktails/kentucky-devil/,Kentucky Devil - bourbon whiskey cocktail recipe | Wild Turkey Bourbon,ok:direct-parallel,Medium,38,0,0,17,rich extracted metadata
2026-04-18T01:40:03.551488+00:00,distillery,Wild Turkey,https://www.wildturkeybourbon.com/cocktails/bourbon-rickey/,Bourbon Ricky - bourbon whiskey cocktail recipe | Wild Turkey Bourbon,ok:direct-parallel,Medium,38,0,0,19,rich extracted metadata
2026-04-18T01:40:02.731554+00:00,distillery,Wild Turkey,https://www.wildturkeybourbon.com/products/,American Bourbon Whiskies: our products | Wild Turkey Bourbon,ok:direct-parallel,Medium,38,0,0,45,rich extracted metadata
2026-04-18T01:40:01.908465+00:00,distillery,Wild Turkey,https://www.wildturkeybourbon.com/cocktails/boulevardier/,Boulevardier - bourbon whiskey cocktail recipe | Wild Turkey,ok:direct-parallel,Medium,38,0,0,18,rich extracted metadata
2026-04-18T01:40:01.903831+00:00,distillery,Wild Turkey,https://www.wildturkeybourbon.com/terms-conditions/,Terms & Conditions | Wild Turkey,excluded:not-whisky-relevant,Low,8,1,1,0,low relevance score with weak whisky evidence; quarantined to protect enrichment quality
2026-04-18T01:38:17.710848+00:00,distillery,Wild Turkey,https://www.wildturkeybourbon.com/our-heritage/,Our Heritage: Wild Turkey Bourbon history | Wild Turkey Bourbon,ok:direct-parallel,Medium,38,0,0,18,rich extracted metadata
2026-04-18T01:38:16.880180+00:00,distillery,Wild Turkey,https://www.wildturkeybourbon.com/our-craft/,Our Craft: How is Wild Turkey bourbon made? | Wild Turkey Bourbon,ok:direct-parallel,Medium,38,0,0,28,rich extracted metadata
2026-04-18T01:38:16.060894+00:00,distillery,Wild Turkey,https://www.wildturkeybourbon.com/our-distillery/,Visit Wild Turkey Bourbon distillery | Wild Turkey Bourbon,ok:direct-parallel,Medium,20,0,0,9,some extracted metadata
2026-04-18T01:38:16.057141+00:00,distillery,Wild Turkey,https://www.wildturkeybourbon.com/privacy-policy/,Privacy Policy | Wild Turkey,excluded:not-whisky-relevant,Low,8,1,1,0,low relevance score with weak whisky evidence; quarantined to protect enrichment quality
2026-04-18T01:36:59.428958+00:00,distillery,Wild Turkey,https://www.wildturkeybourbon.com/ja-jp/,ケンタッキーストレートバーボン | ワイルドターキー公式サイト,ok:direct-parallel,Medium,28,0,0,11,some extracted metadata
2026-04-18T01:36:58.593407+00:00,distillery,Wild Turkey,https://www.wildturkeybourbon.com/en-us/latest-news/what-is-rye-whiskey/,What is Rye Whiskey & What Makes it So Special? | Wild Turkey,ok:direct-parallel,Medium,38,0,0,25,rich extracted metadata
2026-04-18T01:36:57.771136+00:00,distillery,Wild Turkey,https://www.wildturkeybourbon.com/it-it/,Wild Turkey: Kentucky straight bourbon whiskey | Wild Turkey Bourbon,ok:direct-parallel,Medium,38,0,0,28,rich extracted metadata
2026-04-18T01:36:57.763549+00:00,distillery,Wild Turkey,https://www.wildturkeybourbon.com/en-us/latest-news/when-you-know-its-right-dont-change-a-damn-thing/,Wild Turkey Announces Global Creative Campaign,excluded:not-whisky-relevant,Low,8,1,1,0,low relevance score with weak whisky evidence; quarantined to protect enrichment quality
2026-04-18T01:35:26.443969+00:00,distillery,Wild Turkey,https://www.wildturkeybourbon.com/en-us/latest-news/proof-barrel-proof-cask-strength/,"The Meanings of Proof, Barrel Proof & Cask Strength in Bourbon | Wild Turkey",ok:direct-parallel,Medium,28,0,0,11,some extracted metadata
2026-04-18T01:35:25.621739+00:00,distillery,Wild Turkey,https://www.wildturkeybourbon.com/en-us/latest-news/rye-whiskey-vs-bourbon/,Exploring the Differences Between Rye Whiskey and Bourbon | Wild Turkey,ok:direct-parallel,Medium,38,0,0,26,rich extracted metadata
2026-04-18T01:35:25.618998+00:00,distillery,Wild Turkey,https://www.wildturkeybourbon.com/en-us/latest-news/non-chill-filtered-vs-chill-filtered-bourbon/,Discover The Difference Between Chill Filtered & Non Chill Filtered Bourbon,excluded:not-whisky-relevant,Low,8,1,1,0,low relevance score with weak whisky evidence; quarantined to protect enrichment quality
2026-04-18T01:35:25.615199+00:00,distillery,Wild Turkey,https://www.wildturkeybourbon.com/en-us/latest-news/what-is-a-master-distiller/,A Day in the Life of a Wild Turkey Master Distiller | Wild Turke,excluded:not-whisky-relevant,Low,8,1,1,0,low relevance score with weak whisky evidence; quarantined to protect enrichment quality
2026-04-18T01:34:40.412730+00:00,distillery,Wild Turkey,https://www.wildturkeybourbon.com/en-us/latest-news/bourbon-tasting-tips/,Mastering the Art of Bourbon Tasting: Expert Tips & Techniques | Wild Turkey,ok:direct-parallel,Medium,30,0,0,50,rich extracted metadata
2026-04-18T01:34:39.582328+00:00,distillery,Wild Turkey,https://www.wildturkeybourbon.com/en-us/latest-news/kentucky-bourbon-guide/,Kentucky Bourbon & Kentucky Straight Bourbon | Wild Turkey,ok:direct-parallel,Medium,38,0,0,27,rich extracted metadata
2026-04-18T01:34:39.578312+00:00,distillery,Wild Turkey,https://www.wildturkeybourbon.com/en-us/latest-news/a-letter-from-bruce-russell/,A LETTER FROM BRUCE RUSSELL | Wild Turkey - en-us,excluded:not-whisky-relevant,Low,8,1,1,0,low relevance score with weak whisky evidence; quarantined to protect enrichment quality
2026-04-18T01:34:39.574355+00:00,distillery,Wild Turkey,https://www.wildturkeybourbon.com/en-us/latest-news/kentucky-bourbon-barrel-whiskey-making/,Kentucky Bourbon Barrels and Their Role in Whiskey-Making | Wild Turkey,excluded:not-whisky-relevant,Low,8,1,1,0,low relevance score with weak whisky evidence; quarantined to protect enrichment quality
2026-04-18T01:33:28.586608+00:00,distillery,Wild Turkey,https://www.wildturkeybourbon.com/en-us/,Wild Turkey: Kentucky straight bourbon whiskey | Wild Turkey Bourbon,ok:direct-parallel,Medium,38,0,0,29,rich extracted metadata
2026-04-18T01:33:28.583549+00:00,distillery,Wild Turkey,https://www.wildturkeybourbon.com/en-au/latest-news/when-you-know-its-right-dont-change-a-damn-thing/,Wild Turkey Announces Global Creative Campaign,excluded:not-whisky-relevant,Low,8,1,1,0,low relevance score with weak whisky evidence; quarantined to protect enrichment quality
2026-04-18T01:33:28.578523+00:00,distillery,Wild Turkey,https://www.wildturkeybourbon.com/en-us/latest-news/,Latest News | Wild Turkey - en-us,excluded:not-whisky-relevant,Low,8,1,1,0,low relevance score with weak whisky evidence; quarantined to protect enrichment quality
2026-04-18T01:33:28.573292+00:00,distillery,Wild Turkey,https://www.wildturkeybourbon.com/en-au/latest-news/a-letter-from-bruce-russell/,A LETTER FROM BRUCE RUSSELL | Wild Turkey Bourbon,excluded:not-whisky-relevant,Low,8,1,1,0,low relevance score with weak whisky evidence; quarantined to protect enrichment quality
2026-04-18T01:32:49.794945+00:00,distillery,Wild Turkey,https://www.wildturkeybourbon.com/dont-change-a-damn-thing/watch-his-bold-story/,Wild Turkey Campaign Highlights. A Legacy on Film,ok:quarantined:direct-parallel,Low,14,1,0,2,low relevance score; quarantined to protect enrichment quality
2026-04-18T01:32:48.939640+00:00,distillery,Wild Turkey,https://www.wildturkeybourbon.com/fr-fr/,Wild Turkey: Kentucky Straight Bourbon Whiskey | Wild Turkey,ok:direct-parallel,Medium,38,0,0,18,rich extracted metadata
2026-04-18T01:32:48.108063+00:00,distillery,Wild Turkey,https://www.wildturkeybourbon.com/en-au/latest-news/,Latest News | Wild Turkey - en-au,excluded:not-whisky-relevant,Low,8,1,1,0,low relevance score with weak whisky evidence; quarantined to protect enrichment quality
2026-04-18T01:31:36.571541+00:00,distillery,Wild Turkey,https://www.wildturkeybourbon.com/en-au/,Wild Turkey - The Home of Kentucky Bourbon | Wild Turkey Bourbon,ok:direct-parallel,Medium,38,0,0,31,rich extracted metadata
2026-04-18T01:31:35.605876+00:00,distillery,Wild Turkey,https://www.wildturkeybourbon.com/dont-change-a-damn-thing/,Discover Wild Turkey's New Global Campaign 2025,ok:direct-parallel,Medium,38,0,0,40,rich extracted metadata
2026-04-18T01:31:34.622514+00:00,distillery,Wild Turkey,https://www.wildturkeybourbon.com/cocktails/,Whiskey Cocktails with Wild Turkey | Wild Turkey,ok:direct-parallel,Medium,38,0,0,32,rich extracted metadata
2026-04-18T01:31:34.603765+00:00,distillery,Wild Turkey,https://www.wildturkeybourbon.com/cookie-policy/,Cookie Policy | Wild Turkey,excluded:not-whisky-relevant,Low,8,1,1,0,low relevance score with weak whisky evidence; quarantined to protect enrichment quality
2026-04-18T01:29:57.994387+00:00,distillery,Oban,https://www.malts.com/en-row/products/single-malt-whisky/oban,,error:direct:direct-parallel https://www.malts.com/en-row/products/single-malt-whisky/oban: HTTP Error 500: Internal Server Error,Low,0,0,0,0,
2026-04-18T01:29:08.572822+00:00,distillery,Glenfiddich,https://www.glenfiddich.com/project-xx,,ok:quarantined:direct-parallel,Low,8,1,0,0,low relevance score with weak whisky evidence; quarantined to protect enrichment quality
2026-04-18T01:27:43.163214+00:00,distillery,Glenfiddich,https://www.glenfiddich.com/perpetual-collection-vat-04,Perpetual Collection Vat 04 Single Malt Whisky | Glenfiddich,ok:direct-parallel,Medium,30,0,0,21,rich extracted metadata
2026-04-18T01:27:43.158710+00:00,distillery,Glenfiddich,https://www.glenfiddich.com/privacy-policy,,excluded:not-whisky-relevant,Low,8,1,1,0,low relevance score with weak whisky evidence; quarantined to protect enrichment quality
2026-04-18T01:27:02.935175+00:00,distillery,Glenfiddich,https://www.glenfiddich.com/perpetual-collection-vat-03,Perpetual Collection Vat 03 Single Malt Whisky | Glenfiddich,ok:direct-parallel,Medium,38,0,0,25,rich extracted metadata
2026-04-18T01:27:02.101875+00:00,distillery,Glenfiddich,https://www.glenfiddich.com/perpetual-collection-vat-02,,ok:quarantined:direct-parallel,Low,8,1,0,0,low relevance score with weak whisky evidence; quarantined to protect enrichment quality
2026-04-18T01:27:01.274152+00:00,distillery,Glenfiddich,https://www.glenfiddich.com/perpetual-collection-vat-01,,ok:quarantined:direct-parallel,Low,8,1,0,0,low relevance score with weak whisky evidence; quarantined to protect enrichment quality
2026-04-18T01:23:33.173764+00:00,distillery,Glenfiddich,https://www.glenfiddich.com/our-collection,,error:direct:direct-parallel https://www.glenfiddich.com/our-collection: HTTP Error 500: 500 Service unavailable (with message),Low,0,0,0,0,
2026-04-18T01:23:29.620785+00:00,distillery,Glenfiddich,https://www.glenfiddich.com/grand-yozakura,29 Year Old Grand Yozakura Limited Edition | Glenfiddich,ok:direct-parallel,Medium,38,0,0,16,rich extracted metadata
2026-04-18T01:23:28.771944+00:00,distillery,Glenfiddich,https://www.glenfiddich.com/ipa-experiment,,ok:quarantined:direct-parallel,Low,8,1,0,0,low relevance score with weak whisky evidence; quarantined to protect enrichment quality
2026-04-18T01:23:27.949578+00:00,distillery,Glenfiddich,https://www.glenfiddich.com/orchard-experiment,,ok:quarantined:direct-parallel,Low,8,1,0,0,low relevance score with weak whisky evidence; quarantined to protect enrichment quality
2026-04-18T01:23:27.118512+00:00,distillery,Glenfiddich,https://www.glenfiddich.com/grande-couronne,,ok:quarantined:direct-parallel,Low,8,1,0,0,low relevance score with weak whisky evidence; quarantined to protect enrichment quality
2026-04-18T01:18:38.316734+00:00,distillery,Glenfiddich,https://www.glenfiddich.com/glenfiddich-xs,Limited Edition Glenfiddich XS Whisky Collection | Glenfiddich,ok:direct-parallel,Medium,38,0,0,24,rich extracted metadata
2026-04-18T01:18:37.378296+00:00,distillery,Glenfiddich,https://www.glenfiddich.com/grand-cru,Glenfiddich 23 Year Old Grand Cru,ok:direct-parallel,Medium,38,0,0,25,rich extracted metadata
2026-04-18T01:18:36.548882+00:00,distillery,Glenfiddich,https://www.glenfiddich.com/grand-chateau-whisky,,ok:quarantined:direct-parallel,Low,8,1,0,0,low relevance score with weak whisky evidence; quarantined to protect enrichment quality
2026-04-18T01:16:11.476336+00:00,distillery,Glenfiddich,https://www.glenfiddich.com/grand-series,,error:direct:direct-parallel https://www.glenfiddich.com/grand-series: HTTP Error 404: Not Found,Low,0,0,0,0,
2026-04-18T01:16:07.655935+00:00,distillery,Glenfiddich,https://www.glenfiddich.com/gift-finder,,ok:quarantined:direct-parallel,Low,8,1,0,0,low relevance score with weak whisky evidence; quarantined to protect enrichment quality
2026-04-18T01:16:06.797777+00:00,distillery,Glenfiddich,https://www.glenfiddich.com/fire-and-cane,,ok:quarantined:direct-parallel,Low,8,1,0,0,low relevance score with weak whisky evidence; quarantined to protect enrichment quality
2026-04-18T01:16:05.971110+00:00,distillery,Glenfiddich,https://www.glenfiddich.com/glenfiddich-21-year-old-gran-reserva,,ok:quarantined:direct-parallel,Low,8,1,0,0,low relevance score with weak whisky evidence; quarantined to protect enrichment quality
2026-04-18T01:11:43.575415+00:00,distillery,Glenfiddich,https://www.glenfiddich.com/flagship-collection,,error:direct:direct-parallel https://www.glenfiddich.com/flagship-collection: HTTP Error 404: Not Found,Low,0,0,0,0,
2026-04-18T01:11:41.157547+00:00,distillery,Glenfiddich,https://www.glenfiddich.com/collection,,ok:quarantined:direct-parallel,Low,8,1,0,0,low relevance score with weak whisky evidence; quarantined to protect enrichment quality
2026-04-18T01:11:40.337987+00:00,distillery,Glenfiddich,https://www.glenfiddich.com/cumulative-time,,ok:quarantined:direct-parallel,Low,8,1,0,0,low relevance score with weak whisky evidence; quarantined to protect enrichment quality
2026-04-18T01:11:39.513277+00:00,distillery,Glenfiddich,https://www.glenfiddich.com/explore,,ok:quarantined:direct-parallel,Low,8,1,0,0,low relevance score with weak whisky evidence; quarantined to protect enrichment quality
2026-04-18T01:07:04.958645+00:00,distillery,Glenfiddich,https://www.glenfiddich.com/experimental-series,,error:direct:direct-parallel https://www.glenfiddich.com/experimental-series: HTTP Error 404: Not Found,Low,0,0,0,0,
2026-04-18T01:07:02.383544+00:00,distillery,Glenfiddich,https://www.glenfiddich.com/distillery/,Visit The Whisky Distillery & Tours | Glenfiddich Whisky,ok:direct-parallel,Medium,30,0,0,14,rich extracted metadata
2026-04-18T01:07:00.713145+00:00,distillery,Glenfiddich,https://www.glenfiddich.com/aston-martin,Glenfiddich x Aston Martin | Limited Edition Single Malt Whiskies,ok:direct-parallel,Medium,28,0,0,11,some extracted metadata
2026-04-18T01:06:59.884424+00:00,distillery,Glenfiddich,https://www.glenfiddich.com/artists-in-residence,,ok:quarantined:direct-parallel,Low,8,1,0,0,low relevance score with weak whisky evidence; quarantined to protect enrichment quality
2026-04-18T01:04:11.838967+00:00,distillery,Glenfiddich,https://www.glenfiddich.com/glenfiddich-21-year-old-gran-reserva/,,ok:quarantined:direct-parallel,Low,8,1,0,0,low relevance score with weak whisky evidence; quarantined to protect enrichment quality
2026-04-18T01:04:10.869856+00:00,distillery,Glenfiddich,https://www.glenfiddich.com/archive-collection,Archive Whisky Collection | Glenfiddich Whisky,ok:direct-parallel,Medium,38,0,0,24,rich extracted metadata
2026-04-18T01:04:10.035270+00:00,distillery,Glenfiddich,https://www.glenfiddich.com/18-year-old,,ok:quarantined:direct-parallel,Low,8,1,0,0,low relevance score with weak whisky evidence; quarantined to protect enrichment quality
2026-04-18T01:04:09.207291+00:00,distillery,Glenfiddich,https://www.glenfiddich.com/15-year-old,,ok:quarantined:direct-parallel,Low,8,1,0,0,low relevance score with weak whisky evidence; quarantined to protect enrichment quality
2026-04-18T00:59:01.926465+00:00,distillery,Glenfiddich,https://www.glenfiddich.com/12-year-old,,ok:quarantined:direct-parallel,Low,8,1,0,0,low relevance score with weak whisky evidence; quarantined to protect enrichment quality
2026-04-18T00:59:01.068116+00:00,distillery,Glenfiddich,https://www.glenfiddich.com/our-story,,ok:quarantined:direct-parallel,Low,8,1,0,0,low relevance score with weak whisky evidence; quarantined to protect enrichment quality
2026-04-18T00:59:00.228476+00:00,distillery,Glenfiddich,https://www.glenfiddich.com/14-year-old,,ok:quarantined:direct-parallel,Low,8,1,0,0,low relevance score with weak whisky evidence; quarantined to protect enrichment quality
2026-04-18T00:59:00.188300+00:00,distillery,Glenfiddich,https://www.glenfiddich.com/privacy-policy/,,excluded:not-whisky-relevant,Low,8,1,1,0,low relevance score with weak whisky evidence; quarantined to protect enrichment quality
2026-04-18T00:54:14.607844+00:00,distillery,Glenfiddich,https://www.glenfiddich.com/,Glenfiddich Whisky | Single Malt Scotch | 12 to 50 Years,ok:direct-parallel,Medium,30,0,0,54,rich extracted metadata
2026-04-18T00:52:46.730126+00:00,distillery,Glenfarclas,https://glenfarclas.com/whisky/the-aged-range/40-year-old-whisky/,40 Year Old Whisky - Glenfarclas,ok:quarantined:direct-parallel,Low,6,1,0,2,low relevance score; quarantined to protect enrichment quality
2026-04-18T00:52:45.925398+00:00,distillery,Glenfarclas,https://glenfarclas.com/whisky/the-aged-range/30-year-old-whisky/,30 Year Old Whisky - Glenfarclas,ok:quarantined:direct-parallel,Low,6,1,0,3,low relevance score; quarantined to protect enrichment quality
2026-04-18T00:52:08.078555+00:00,distillery,Glenfarclas,https://glenfarclas.com/whisky/the-aged-range/15-year-old-whisky/,15 Year Old Whisky - Glenfarclas,ok:quarantined:direct-parallel,Low,6,1,0,2,low relevance score; quarantined to protect enrichment quality
2026-04-18T00:52:07.251673+00:00,distillery,Glenfarclas,https://glenfarclas.com/whisky/the-aged-range/17-year-old-whisky/,17 Year Old Whisky - Glenfarclas,ok:quarantined:direct-parallel,Low,6,1,0,3,low relevance score; quarantined to protect enrichment quality
2026-04-18T00:52:06.445921+00:00,distillery,Glenfarclas,https://glenfarclas.com/whisky/the-aged-range/25-year-old-whisky/,25 Year Old Whisky - Glenfarclas,ok:quarantined:direct-parallel,Low,6,1,0,2,low relevance score; quarantined to protect enrichment quality
2026-04-18T00:52:05.639925+00:00,distillery,Glenfarclas,https://glenfarclas.com/whisky/the-aged-range/21-year-old-whisky/,21 Year Old Whisky - Glenfarclas,ok:quarantined:direct-parallel,Low,6,1,0,2,low relevance score; quarantined to protect enrichment quality
2026-04-18T00:50:56.932209+00:00,distillery,Glenfarclas,https://glenfarclas.com/whisky/the-family-casks/,The Family Casks - Glenfarclas,ok:quarantined:direct-parallel,Low,12,1,0,8,low relevance score; quarantined to protect enrichment quality; some extracted metadata
2026-04-18T00:50:56.120380+00:00,distillery,Glenfarclas,https://glenfarclas.com/whisky/the-aged-range/10-year-old-whisky/,10 Year Old Whisky - Glenfarclas,ok:quarantined:direct-parallel,Low,6,1,0,2,low relevance score; quarantined to protect enrichment quality
2026-04-18T00:50:55.250768+00:00,distillery,Glenfarclas,https://glenfarclas.com/glenfarclas-2025-in-review/,Glenfarclas; 2025 in Review - Glenfarclas,ok:direct-parallel,Medium,38,0,0,20,rich extracted metadata
2026-04-18T00:50:54.444561+00:00,distillery,Glenfarclas,https://glenfarclas.com/whisky/the-aged-range/12-year-old-whisky/,12 Year Old Whisky - Glenfarclas,ok:quarantined:direct-parallel,Low,6,1,0,2,low relevance score; quarantined to protect enrichment quality
2026-04-18T00:49:30.648266+00:00,distillery,Glenfarclas,https://glenfarclas.com/five-decades-tour-tasting/,Five Decades Tour & Tasting - Glenfarclas,ok:direct-parallel,Medium,22,0,0,12,rich extracted metadata
2026-04-18T00:49:29.831843+00:00,distillery,Glenfarclas,https://glenfarclas.com/connoisseurs-tour-tasting/,Connoisseur's Tour & Tasting - Glenfarclas,ok:quarantined:direct-parallel,Low,12,1,0,8,low relevance score; quarantined to protect enrichment quality; some extracted metadata
2026-04-18T00:49:29.011129+00:00,distillery,Glenfarclas,https://glenfarclas.com/classic-tour/,Classic Tour - Glenfarclas,ok:direct-parallel,Medium,20,0,0,9,some extracted metadata
2026-04-18T00:49:28.203389+00:00,distillery,Glenfarclas,https://glenfarclas.com/donna-mcintosh-celebrates-25-years-service-jg-grant/,Donna McIntosh Celebrates 25 Years’ Service at J&G Grant - Glenfarclas,ok:quarantined:direct-parallel,Low,12,1,0,8,low relevance score; quarantined to protect enrichment quality; some extracted metadata
2026-04-18T00:48:23.820432+00:00,distillery,Glenfarclas,https://glenfarclas.com/whisky/105-cask-strength/,105 Cask Strength - Glenfarclas,ok:quarantined:direct-parallel,Low,6,1,0,2,low relevance score; quarantined to protect enrichment quality
2026-04-18T00:48:23.004251+00:00,distillery,Glenfarclas,https://glenfarclas.com/whisky/the-aged-range/,The Aged Range - Glenfarclas,ok:direct-parallel,Medium,22,0,0,15,rich extracted metadata
2026-04-18T00:48:21.370229+00:00,distillery,Glenfarclas,https://glenfarclas.com/author/glenfarclas/,"glenfarclas, Author at Glenfarclas",ok:direct-parallel,Medium,20,0,0,9,some extracted metadata
2026-04-18T00:47:03.403232+00:00,distillery,Glenfarclas,https://glenfarclas.com/production/,Production - Glenfarclas,ok:direct-parallel,Medium,38,0,0,25,rich extracted metadata
2026-04-18T00:47:02.560389+00:00,distillery,Glenfarclas,https://glenfarclas.com/news/,News - Glenfarclas,ok:direct-parallel,Medium,38,0,0,34,rich extracted metadata
2026-04-18T00:47:01.736263+00:00,distillery,Glenfarclas,https://glenfarclas.com/family/,Family - Glenfarclas,ok:direct-parallel,Medium,28,0,0,9,some extracted metadata
2026-04-18T00:47:00.930597+00:00,distillery,Glenfarclas,https://glenfarclas.com/whisky/,Whisky - Glenfarclas,ok:quarantined:direct-parallel,Low,12,1,0,4,low relevance score; quarantined to protect enrichment quality; some extracted metadata
2026-04-18T00:45:33.889122+00:00,distillery,Glenfarclas,https://glenfarclas.com/,Home - Glenfarclas - Glenfarclas,ok:direct-parallel,Medium,20,0,0,9,some extracted metadata
2026-04-18T00:45:11.003423+00:00,distillery,Lagavulin,https://www.malts.com/en-row/products/single-malt-whisky/lagavulin,,error:direct:direct-parallel https://www.malts.com/en-row/products/single-malt-whisky/lagavulin: HTTP Error 500: Internal Server Error,Low,0,0,0,0,
2026-04-18T00:44:19.585396+00:00,distillery,Springbank,https://www.springbank.scot/wp-content/uploads/sites/2/2023/09/ESDR-Itinerary.pdf,ITINERARY - SEPT 2023,ok:quarantined:direct-parallel,Low,12,1,0,7,low relevance score; quarantined to protect enrichment quality; some extracted metadata
2026-04-18T00:44:18.771334+00:00,distillery,Springbank,https://www.springbank.scot/product/kilkerran-tour/,Kilkerran Tour - Springbank,ok:direct-parallel,Medium,20,0,0,9,some extracted metadata
2026-04-18T00:43:40.741961+00:00,distillery,Springbank,https://www.springbank.scot/wp-content/uploads/sites/2/2023/11/Tasting-Room-Menu-November-2023.pdf,Tasting-Room-Menu-November-2023.pdf,ok:direct-parallel,Medium,38,0,0,60,rich extracted metadata
2026-04-18T00:43:39.841450+00:00,distillery,Springbank,https://www.springbank.scot/wp-content/uploads/sites/2/2025/10/Tasting-Room-winter-menu-.pdf,Tasting-Room-winter-menu-.pdf,ok:direct-parallel,Medium,38,0,0,21,rich extracted metadata
2026-04-18T00:43:39.000715+00:00,distillery,Springbank,https://www.springbank.scot/product/eat-sleep-dram-repeat/,"Eat, Sleep, Dram, Repeat - Springbank",ok:direct-parallel,Medium,20,0,0,5,some extracted metadata
2026-04-18T00:43:38.985292+00:00,distillery,Springbank,https://www.springbank.scot/wp-content/uploads/sites/2/2025/10/Kids-Menu.pdf,Kids-Menu.pdf,excluded:not-whisky-relevant,Low,0,1,1,0,low relevance score with weak whisky evidence; quarantined to protect enrichment quality
2026-04-18T00:41:49.617282+00:00,distillery,Springbank,https://www.springbank.scot/content-restricted/?r=18&wcm_redirect_id=18&wcm_redirect_to=product_cat,Content restricted - Springbank,ok:quarantined:direct-parallel,Low,14,1,0,3,low relevance score; quarantined to protect enrichment quality
2026-04-18T00:41:48.741861+00:00,distillery,Springbank,https://www.springbank.scot/product/cadenheads-blending-sessions/,Cadenhead's Creation - Blending Session - Springbank,ok:direct-parallel,Medium,38,0,0,15,rich extracted metadata
2026-04-18T00:41:47.904130+00:00,distillery,Springbank,https://www.springbank.scot/product/cadenheads-warehouse-tasting/,Cadenhead's Warehouse Tasting - Springbank,ok:direct-parallel,Medium,20,0,0,9,some extracted metadata
2026-04-18T00:41:46.975641+00:00,distillery,Springbank,https://www.springbank.scot/product/cadenheads-tasting-room/,Cadenhead's Tasting Room - Springbank,ok:direct-parallel,Medium,38,0,0,14,rich extracted metadata
2026-04-18T00:40:34.533477+00:00,distillery,Springbank,https://www.springbank.scot/content-restricted/?r=18&wcm_redirect_to=product_cat&wcm_redirect_id=18,Content restricted - Springbank,ok:direct-parallel,Medium,20,0,0,9,some extracted metadata
2026-04-18T00:40:33.715236+00:00,distillery,Springbank,https://www.springbank.scot/product/barley-to-bottle-tour/,Barley to Bottle Tour - Springbank,ok:direct-parallel,Medium,30,0,0,14,rich extracted metadata
2026-04-18T00:40:33.712634+00:00,distillery,Springbank,https://www.springbank.scot/product-category/memberships/,Memberships Archives - Springbank,excluded:not-whisky-relevant,Low,8,1,1,0,low relevance score with weak whisky evidence; quarantined to protect enrichment quality
2026-04-18T00:40:33.708210+00:00,distillery,Springbank,https://www.springbank.scot/product-category/tours/,Tours & Tastings Archives - Springbank,excluded:not-whisky-relevant,Low,8,1,1,0,low relevance score with weak whisky evidence; quarantined to protect enrichment quality
2026-04-18T00:39:54.607394+00:00,distillery,Springbank,https://www.springbank.scot/countdown-collection/countdown-collection-an-introduction/,Countdown Collection: An Introduction - Springbank,ok:direct-parallel,Medium,20,0,0,11,some extracted metadata
2026-04-18T00:39:54.604451+00:00,distillery,Springbank,https://www.springbank.scot/tag/news/,news Archives - Springbank,excluded:not-whisky-relevant,Low,8,1,1,0,low relevance score with weak whisky evidence; quarantined to protect enrichment quality
2026-04-18T00:39:54.599877+00:00,distillery,Springbank,https://www.springbank.scot/category/festival/,festival Archives - Springbank,excluded:not-whisky-relevant,Low,8,1,1,0,low relevance score with weak whisky evidence; quarantined to protect enrichment quality
2026-04-18T00:39:33.682797+00:00,distillery,Springbank,https://www.springbank.scot/malts-festival/malts-festival-2025-springbank-society-tastings/,,error:direct:direct-parallel https://www.springbank.scot/malts-festival/malts-festival-2025-springbank-society-tastings/: HTTP Error 404: Not Found,Low,0,0,0,0,
2026-04-18T00:39:31.797199+00:00,distillery,Springbank,https://www.springbank.scot/countdown-collection/countdown-collection-2026-release/,Countdown Collection: 2026 Release - Springbank,ok:direct-parallel,Medium,38,0,0,26,rich extracted metadata
2026-04-18T00:39:30.980611+00:00,distillery,Springbank,https://www.springbank.scot/author/nathan-currie/,"Nathan Currie, Author at Springbank",ok:direct-parallel,Medium,20,0,0,9,some extracted metadata
2026-04-18T00:39:30.977571+00:00,distillery,Springbank,https://www.springbank.scot/category/updates/,Updates Archives - Springbank,excluded:not-whisky-relevant,Low,8,1,1,0,low relevance score with weak whisky evidence; quarantined to protect enrichment quality
2026-04-18T00:39:30.972455+00:00,distillery,Springbank,https://www.springbank.scot/category/uncategorised/,Uncategorised Archives - Springbank,excluded:not-whisky-relevant,Low,8,1,1,0,low relevance score with weak whisky evidence; quarantined to protect enrichment quality
2026-04-18T00:38:39.918997+00:00,distillery,Springbank,https://www.springbank.scot/about/distillery/,Distillery - Springbank,ok:direct-parallel,Medium,28,0,0,10,some extracted metadata
2026-04-18T00:38:37.783394+00:00,distillery,Springbank,https://www.springbank.scot/countdown-collection/countdown-collection-2025-release/,Countdown Collection: 2025 Release - Springbank,ok:direct-parallel,Medium,38,0,0,27,rich extracted metadata
2026-04-18T00:38:36.551837+00:00,distillery,Springbank,https://www.springbank.scot/countdown-collection/countdown-collection-2024-the-whisky/,Countdown Collection 2024: The Whisky - Springbank,ok:direct-parallel,Medium,38,0,0,35,rich extracted metadata
2026-04-18T00:38:36.254915+00:00,distillery,Springbank,https://www.springbank.scot/category/new-release/,new release Archives - Springbank,excluded:not-whisky-relevant,Low,8,1,1,0,low relevance score with weak whisky evidence; quarantined to protect enrichment quality
2026-04-18T00:37:33.824997+00:00,distillery,Springbank,https://www.springbank.scot/about/process/,Process - Springbank,ok:direct-parallel,Medium,38,0,0,22,rich extracted metadata
2026-04-18T00:37:33.005163+00:00,distillery,Springbank,https://www.springbank.scot/about/place/,Place - Springbank,excluded:not-whisky-relevant,Low,8,1,1,0,low relevance score with weak whisky evidence; quarantined to protect enrichment quality
2026-04-18T00:37:32.917962+00:00,distillery,Springbank,https://www.springbank.scot/about/introduction/,Introduction - Springbank,excluded:not-whisky-relevant,Low,8,1,1,0,low relevance score with weak whisky evidence; quarantined to protect enrichment quality
2026-04-18T00:36:35.279825+00:00,distillery,Springbank,https://www.springbank.scot/whisky-school/,Springbank Whisky School - Springbank,ok:direct-parallel,Medium,20,0,0,7,some extracted metadata
2026-04-18T00:36:34.223709+00:00,distillery,Springbank,https://www.springbank.scot/whisky/,Whisky - Springbank,ok:direct-parallel,Medium,38,0,0,27,rich extracted metadata
2026-04-18T00:36:33.172927+00:00,distillery,Springbank,https://www.springbank.scot/terms-conditions/,Terms & Conditions - Springbank,excluded:not-whisky-relevant,Low,8,1,1,0,low relevance score with weak whisky evidence; quarantined to protect enrichment quality
2026-04-18T00:35:28.650522+00:00,distillery,Springbank,https://www.springbank.scot/whisky/springbank-range/,Springbank - Springbank,ok:direct-parallel,Medium,38,0,0,69,rich extracted metadata
2026-04-18T00:35:27.824083+00:00,distillery,Springbank,https://www.springbank.scot/malts-festival-info/,Malts Festival 2026 - Springbank,ok:direct-parallel,Medium,38,0,0,15,rich extracted metadata
2026-04-18T00:35:27.821266+00:00,distillery,Springbank,https://www.springbank.scot/password-reset/,Password Reset - Springbank,excluded:not-whisky-relevant,Low,8,1,1,0,low relevance score with weak whisky evidence; quarantined to protect enrichment quality
2026-04-18T00:35:27.817845+00:00,distillery,Springbank,https://www.springbank.scot/privacy-policy/,Privacy Policy - Springbank,excluded:not-whisky-relevant,Low,8,1,1,0,low relevance score with weak whisky evidence; quarantined to protect enrichment quality
2026-04-18T00:34:05.161289+00:00,distillery,Springbank,https://www.springbank.scot/fair-work-first-policy/,Fair Work First policy - Springbank,ok:direct-parallel,Medium,20,0,0,11,some extracted metadata
2026-04-18T00:34:04.344201+00:00,distillery,Springbank,https://www.springbank.scot/countdown-collection-2023-release/,Countdown Collection: 2023 Release - Springbank,ok:direct-parallel,Medium,38,0,0,32,rich extracted metadata
2026-04-18T00:34:04.341571+00:00,distillery,Springbank,https://www.springbank.scot/contact-us/,Contact Us - Springbank,excluded:not-whisky-relevant,Low,8,1,1,0,low relevance score with weak whisky evidence; quarantined to protect enrichment quality
2026-04-18T00:34:04.336889+00:00,distillery,Springbank,https://www.springbank.scot/account-login/,Login - Springbank,excluded:not-whisky-relevant,Low,8,1,1,0,low relevance score with weak whisky evidence; quarantined to protect enrichment quality
2026-04-18T00:33:19.261057+00:00,distillery,Springbank,https://www.springbank.scot/about/story/,Story - Springbank,ok:direct-parallel,Medium,38,0,0,20,rich extracted metadata
2026-04-18T00:33:17.618186+00:00,distillery,Springbank,https://www.springbank.scot/blog/,Blog - Springbank,ok:direct-parallel,Medium,20,0,0,6,some extracted metadata
2026-04-18T00:33:17.613001+00:00,distillery,Springbank,https://www.springbank.scot/about/,About - Springbank,excluded:not-whisky-relevant,Low,8,1,1,0,low relevance score with weak whisky evidence; quarantined to protect enrichment quality
2026-04-18T00:32:16.767442+00:00,distillery,Springbank,https://www.springbank.scot/,"Springbank Single Malt, The Whisky Drinker's Whisky",ok:direct-parallel,Medium,20,0,0,10,some extracted metadata
2026-04-18T00:31:01.392249+00:00,distillery,Glen Scotia,https://www.glenscotia.com/blogs/news/introducing-our-2023-campbeltown-malts-festival-limited-edition-release,Limited-Edition Campbeltown Malts Festival 2023 | Glen Scotia - Glen Scotia American Express Apple Pay Diners Club Discover Google Pay Maestro Mastercard PayPal Shop Pay Union Pay Visa,ok:direct-parallel,Medium,38,0,0,27,rich extracted metadata
2026-04-18T00:30:22.410089+00:00,distillery,Glen Scotia,https://www.glenscotia.com/blogs/news/international-spirits-challenge-gold,International Spirits Challenge - Gold Award | Glen Scotia - Glen Scotia American Express Apple Pay Diners Club Discover Google Pay Maestro Mastercard PayPal Shop Pay Union Pay Visa,ok:direct-parallel,Medium,20,0,0,11,some extracted metadata
2026-04-18T00:30:21.587917+00:00,distillery,Glen Scotia,https://www.glenscotia.com/blogs/news/golds-all-round-for-glen-scotia,Scotch Whisky Masters - Gold Awards All Round | Glen Scotia - Glen Scotia American Express Apple Pay Diners Club Discover Google Pay Maestro Mastercard PayPal Shop Pay Union Pay Visa,ok:direct-parallel,Medium,38,0,0,13,rich extracted metadata
2026-04-18T00:30:20.762974+00:00,distillery,Glen Scotia,https://www.glenscotia.com/blogs/news/glen-scotia-unveils-rare-30-year-old-single-malt,Unveils Rare 30 Year Old Single Malt | Glen Scotia - Glen Scotia American Express Apple Pay Diners Club Discover Google Pay Maestro Mastercard PayPal Shop Pay Union Pay Visa,ok:direct-parallel,Medium,38,0,0,22,rich extracted metadata
2026-04-18T00:30:19.946183+00:00,distillery,Glen Scotia,https://www.glenscotia.com/blogs/news/glen-scotia-vintage-1991-awarded-travel-retail-master,Awarded Travel Retail Master - Glen Scotia Vintage 1991 American Express Apple Pay Diners Club Discover Google Pay Maestro Mastercard PayPal Shop Pay Union Pay Visa,ok:direct-parallel,Medium,38,0,0,13,rich extracted metadata
2026-04-18T00:28:58.511063+00:00,distillery,Glen Scotia,https://www.glenscotia.com/blogs/news/glen-scotia-unveils-new-festive-sherry-double-cask-finish,New Festive Sherry Double Cask Finish | Glen Scotia - Glen Scotia American Express Apple Pay Diners Club Discover Google Pay Maestro Mastercard PayPal Shop Pay Union Pay Visa,ok:direct-parallel,Medium,38,0,0,21,rich extracted metadata
2026-04-18T00:28:57.678559+00:00,distillery,Glen Scotia,https://www.glenscotia.com/blogs/news/glen-scotia-unveils-limited-edition-14-year-old-tawny-port-finish-for-campbeltown-malts-festival-2020,Glen Scotia unveils 14 Year Old Tawny Port Finish for 2020 Malts Festi American Express Apple Pay Diners Club Discover Google Pay Maestro Mastercard PayPal Shop Pay Union Pay Visa,ok:direct-parallel,Medium,38,0,0,25,rich extracted metadata
2026-04-18T00:28:56.849610+00:00,distillery,Glen Scotia,https://www.glenscotia.com/blogs/news/glen-scotia-unveils-new-48-year-old-which-celebrates-campbeltown-s-historical-trade-links-and-provides-a-glimpse-into-a-bygone-era-of-time,Glen Scotia unveils new 48 Year Old which celebrates Campbeltown’s his American Express Apple Pay Diners Club Discover Google Pay Maestro Mastercard PayPal Shop Pay Union Pay Visa,ok:direct-parallel,Medium,38,0,0,29,rich extracted metadata
2026-04-18T00:28:56.022660+00:00,distillery,Glen Scotia,https://www.glenscotia.com/blogs/news/glen-scotia-unveils-new-limited-edition-21-year-old,Glen Scotia Unveils A New Limited Edition 21 Year Old | Glen Scotia American Express Apple Pay Diners Club Discover Google Pay Maestro Mastercard PayPal Shop Pay Union Pay Visa,ok:direct-parallel,Medium,38,0,0,20,rich extracted metadata
2026-04-18T00:27:07.108271+00:00,distillery,Glen Scotia,https://www.glenscotia.com/blogs/news/glen-scotia-supports-clean-water-charity-with-limited-edition-whisky-enigma,Glen Scotia Supports Clean Water Charity with Limited-Edition Whisky ‘ American Express Apple Pay Diners Club Discover Google Pay Maestro Mastercard PayPal Shop Pay Union Pay Visa,ok:direct-parallel,Medium,38,0,0,26,rich extracted metadata
2026-04-18T00:27:06.277206+00:00,distillery,Glen Scotia,https://www.glenscotia.com/blogs/news/glen-scotia-launches-the-first-ever-online-campbeltown-malts-festival-experience,Glen Scotia launches the first ever online Campbeltown Malts Festival American Express Apple Pay Diners Club Discover Google Pay Maestro Mastercard PayPal Shop Pay Union Pay Visa,ok:direct-parallel,Medium,38,0,0,12,rich extracted metadata
2026-04-18T00:27:05.451941+00:00,distillery,Glen Scotia,https://www.glenscotia.com/blogs/news/glen-scotia-goes-platinum-at-san-francisco-world-spirits-challenge,San Francisco World Spirits Challenge | Glen Scotia - Glen Scotia American Express Apple Pay Diners Club Discover Google Pay Maestro Mastercard PayPal Shop Pay Union Pay Visa,ok:direct-parallel,Medium,38,0,0,20,rich extracted metadata
2026-04-18T00:27:04.625387+00:00,distillery,Glen Scotia,https://www.glenscotia.com/blogs/news/glen-scotia-partners-with-london-s-first-sherry-bar-to-launch-its-latest-limited-edition,Seasonal Release 2022 explores the flavours of Andalusia | Glen Scotia - Glen Scotia American Express Apple Pay Diners Club Discover Google Pay Maestro Mastercard PayPal Shop Pay Union Pay Visa,ok:direct-parallel,Medium,38,0,0,30,rich extracted metadata
2026-04-18T00:25:23.285052+00:00,distillery,Glen Scotia,https://www.glenscotia.com/blogs/news/finalist-for-scottish-whisky-awards,Finalist for Annual Scottish Whisky Awards | Glen Scotia - Glen Scotia American Express Apple Pay Diners Club Discover Google Pay Maestro Mastercard PayPal Shop Pay Union Pay Visa,ok:direct-parallel,Medium,38,0,0,19,rich extracted metadata
2026-04-18T00:25:22.463343+00:00,distillery,Glen Scotia,https://www.glenscotia.com/blogs/news/glen-scotia-crowned-world-s-best-single-cask-single-malt-at-world-whiskies-awards-2023,Glen Scotia crowned ‘World’s Best Single Cask Single Malt’ | Glen Scotia American Express Apple Pay Diners Club Discover Google Pay Maestro Mastercard PayPal Shop Pay Union Pay Visa,ok:direct-parallel,Medium,38,0,0,19,rich extracted metadata
2026-04-18T00:25:21.643212+00:00,distillery,Glen Scotia,https://www.glenscotia.com/blogs/news/exciting-new-partnership-with-scottish-artist-alice-angus,Exciting New Partnership with Scottish Artist Alice Angus - Glen Scotia American Express Apple Pay Diners Club Discover Google Pay Maestro Mastercard PayPal Shop Pay Union Pay Visa,ok:direct-parallel,Medium,28,0,0,10,some extracted metadata
2026-04-18T00:25:20.822969+00:00,distillery,Glen Scotia,https://www.glenscotia.com/blogs/news/glen-scotia-blog,Joins Great British Entrepreneur Awards | Glen Scotia - Glen Scotia American Express Apple Pay Diners Club Discover Google Pay Maestro Mastercard PayPal Shop Pay Union Pay Visa,ok:direct-parallel,Medium,38,0,0,15,rich extracted metadata
2026-04-18T00:23:49.316741+00:00,distillery,Glen Scotia,https://www.glenscotia.com/blogs/news?page=1,News & Updates | Single Malt Scotch Whisky | Glen Scotia Whisky American Express Apple Pay Diners Club Discover Google Pay Maestro Mastercard PayPal Shop Pay Union Pay Visa,ok:direct-parallel,Medium,30,0,0,12,rich extracted metadata
2026-04-18T00:23:48.489117+00:00,distillery,Glen Scotia,https://www.glenscotia.com/blogs/news/campbeltown-malts-festival-2023-preview,Campbeltown Malts Festival 2023 Preview - Glen Scotia American Express Apple Pay Diners Club Discover Google Pay Maestro Mastercard PayPal Shop Pay Union Pay Visa,ok:direct-parallel,Medium,30,0,0,13,rich extracted metadata
2026-04-18T00:23:47.659691+00:00,distillery,Glen Scotia,https://www.glenscotia.com/blogs/news/deconstructed-festival-an-interview-with-gary-mills,Deconstructed Festival - An Interview with Gary Mills - Glen Scotia American Express Apple Pay Diners Club Discover Google Pay Maestro Mastercard PayPal Shop Pay Union Pay Visa,ok:direct-parallel,Medium,38,0,0,17,rich extracted metadata
2026-04-18T00:23:46.834650+00:00,distillery,Glen Scotia,https://www.glenscotia.com/blogs/news/distillery-of-the-year-single-malt-launch,'Distillery of the Year' Single Malt Launch | Glen Scotia - Glen Scotia American Express Apple Pay Diners Club Discover Google Pay Maestro Mastercard PayPal Shop Pay Union Pay Visa,ok:direct-parallel,Medium,38,0,0,12,rich extracted metadata
2026-04-18T00:22:18.893066+00:00,distillery,Glen Scotia,https://www.glenscotia.com/blogs/news/a-whisky-masterpiece-glen-scotia-has-unveiled-a-single-49-year-old-bottling-featuring-artwork-from-its-artist-in-residence-for-distillers-one-of-one-auction,49 Year Old bottling featuring artwork from its artist-in-residence fo - Glen Scotia American Express Apple Pay Diners Club Discover Google Pay Maestro Mastercard PayPal Shop Pay Union Pay Visa,ok:direct-parallel,Medium,38,0,0,28,rich extracted metadata
2026-04-18T00:22:18.065343+00:00,distillery,Glen Scotia,https://www.glenscotia.com/blogs/news?page=2,News & Updates | Single Malt Scotch Whisky | Glen Scotia Whisky Page 2 American Express Apple Pay Diners Club Discover Google Pay Maestro Mastercard PayPal Shop Pay Union Pay Visa,ok:direct-parallel,Medium,20,0,0,10,some extracted metadata
2026-04-18T00:22:17.235941+00:00,distillery,Glen Scotia,https://www.glenscotia.com/blogs/news/a-decade-of-victoriana-an-interview-with-ashley-smith-7,A Decade of Victoriana – An Interview with Ashley Smith - Glen Scotia American Express Apple Pay Diners Club Discover Google Pay Maestro Mastercard PayPal Shop Pay Union Pay Visa,ok:direct-parallel,Medium,38,0,0,21,rich extracted metadata
2026-04-18T00:22:16.415451+00:00,distillery,Glen Scotia,https://www.glenscotia.com/blogs/news?page=3,News & Updates | Single Malt Scotch Whisky | Glen Scotia Whisky Page 3 American Express Apple Pay Diners Club Discover Google Pay Maestro Mastercard PayPal Shop Pay Union Pay Visa,ok:direct-parallel,Medium,38,0,0,26,rich extracted metadata
2026-04-18T00:20:53.789310+00:00,distillery,Glen Scotia,https://www.glenscotia.com/blogs/news/burns-night-recipe-haggis-with-glen-scotia-whisky-cream-sauce,Burns Night Recipe: Haggis with Glen Scotia Whisky Cream Sauce American Express Apple Pay Diners Club Discover Google Pay Maestro Mastercard PayPal Shop Pay Union Pay Visa,ok:direct-parallel,Medium,38,0,0,16,rich extracted metadata
2026-04-18T00:20:52.963285+00:00,distillery,Glen Scotia,https://www.glenscotia.com/blogs/news,News & Updates | Single Malt Scotch Whisky | Glen Scotia Whisky American Express Apple Pay Diners Club Discover Google Pay Maestro Mastercard PayPal Shop Pay Union Pay Visa,ok:direct-parallel,Medium,30,0,0,15,rich extracted metadata
2026-04-18T00:20:52.120444+00:00,distillery,Glen Scotia,https://www.glenscotia.com/blogs/news/unveiling-glen-scotia-s-oldest-ever-whisky-the-elements-of-campbeltown-collection-release-number-one-air,Unveiling Glen Scotia’s Oldest Ever Whisky - The Elements of Campbelto - Glen Scotia American Express Apple Pay Diners Club Discover Google Pay Maestro Mastercard PayPal Shop Pay Union Pay Visa,ok:direct-parallel,Medium,38,0,0,26,rich extracted metadata
2026-04-18T00:20:51.158793+00:00,distillery,Glen Scotia,https://www.glenscotia.com/blogs/news/glen-scotia-malts-festival-2026-ticket-sale-tips,Glen Scotia Malts Festival 2026 – Ticket Sale Tips American Express Apple Pay Diners Club Discover Google Pay Maestro Mastercard PayPal Shop Pay Union Pay Visa,ok:direct-parallel,Medium,20,0,0,8,some extracted metadata
2026-04-18T00:19:30.198271+00:00,distillery,Glen Scotia,https://www.glenscotia.com/,Glen Scotia | Campbeltown Whisky | Single Malt Scotch Distillery American Express Apple Pay Diners Club Discover Google Pay Maestro Mastercard PayPal Shop Pay Union Pay Visa,ok:direct-parallel,Medium,38,0,0,26,rich extracted metadata
2026-04-18T00:18:48.074568+00:00,distillery,Redbreast,https://www.redbreastwhiskey.com/,,error:direct:direct-rescrape https://www.redbreastwhiskey.com/: HTTP Error 403: Forbidden,Low,0,0,0,0,
2026-04-18T00:18:47.813179+00:00,distillery,Jameson,https://www.jamesonwhiskey.com/,,error:direct:direct-rescrape https://www.jamesonwhiskey.com/: HTTP Error 403: Forbidden,Low,0,0,0,0,
2026-04-17T23:50:59.001862+00:00,distillery,Miyagikyo,https://www.nikka.com/eng/brands/miyagikyo,,error:direct:direct-parallel https://www.nikka.com/eng/brands/miyagikyo: HTTP Error 404: Not Found,Low,0,0,0,0,
2026-04-17T23:50:58.693651+00:00,distillery,Yoichi,https://www.nikka.com/eng/brands/yoichi,,error:direct:direct-parallel https://www.nikka.com/eng/brands/yoichi: HTTP Error 404: Not Found,Low,0,0,0,0,
2026-04-17T23:50:16.105592+00:00,distillery,Teeling,https://www.teelingwhiskey.com/limited-edition-bottlings/,Teeling Limited Edition Bottlings | Teeling Whiskey,ok:direct-parallel,Medium,38,0,0,61,rich extracted metadata
2026-04-17T23:49:22.489243+00:00,distillery,Teeling,https://www.teelingwhiskey.com/cookie-policy/,COOKIE POLICY - Teeling Whiskey,excluded:not-whisky-relevant,Low,0,1,1,0,low relevance score with weak whisky evidence; quarantined to protect enrichment quality
2026-04-17T23:48:10.805441+00:00,distillery,Bushmills,https://bushmills.com/blogs/cocktails?tag=cocktail-type%3AGolf+Cocktails,Explore Our Cocktails – Bushmills® Irish Whiskey,ok:direct-parallel,Medium,20,0,0,9,some extracted metadata
2026-04-17T23:47:09.752838+00:00,distillery,Callington Mill Distillery,https://callingtonmilldistillery.com/pages/blue-lake-lodge-1,Blue Lake Lodge – Callington Mill Distillery logo-paypal,ok:direct,Medium,38,0,0,17,rich extracted metadata
2026-04-17T23:47:09.736821+00:00,distillery,Callington Mill Distillery,https://callingtonmilldistillery.com/pages/contact-us,Contact Us – Callington Mill Distillery logo-paypal,excluded:not-whisky-relevant,Low,8,1,1,0,low relevance score with weak whisky evidence; quarantined to protect enrichment quality
2026-04-17T23:47:09.721143+00:00,distillery,Callington Mill Distillery,https://callingtonmilldistillery.com/collections/single-malt-whisky?page=2,Single Malt Whisky – Page 2 – Callington Mill Distillery logo-paypal,excluded:not-whisky-relevant,Low,8,1,1,0,low relevance score with weak whisky evidence; quarantined to protect enrichment quality
2026-04-17T23:47:09.704875+00:00,distillery,Callington Mill Distillery,https://callingtonmilldistillery.com/collections/shop-all-1?page=2,Shop All – Page 2 – Callington Mill Distillery logo-paypal,excluded:not-whisky-relevant,Low,8,1,1,0,low relevance score with weak whisky evidence; quarantined to protect enrichment quality
2026-04-17T23:46:18.314132+00:00,distillery,Callington Mill Distillery,https://callingtonmilldistillery.com/collections/single-malt-whisky,Single Malt Whisky – Callington Mill Distillery logo-paypal,ok:direct,Medium,38,0,0,26,rich extracted metadata
2026-04-17T23:46:16.670885+00:00,distillery,Callington Mill Distillery,https://callingtonmilldistillery.com/collections/signature-collection,Signature Collection – Callington Mill Distillery logo-paypal,ok:direct,Medium,20,0,0,10,some extracted metadata
2026-04-17T23:46:15.844344+00:00,distillery,Callington Mill Distillery,https://callingtonmilldistillery.com/collections/shop-all-1,Shop All – Callington Mill Distillery logo-paypal,ok:direct,Medium,30,0,0,24,rich extracted metadata
2026-04-17T23:46:01.954811+00:00,distillery,Forty Creek,https://fortycreekwhisky.com/wp-content/uploads/2024/11/AODA-Integrated-Accessibility-Policy-and-Multi-Year-Plan-2024.pdf,PowerPoint Presentation,ok:direct-parallel,Medium,38,0,0,12,rich extracted metadata
2026-04-17T23:43:55.132307+00:00,distillery,Crown Royal,https://www.crownroyal.com/story/our-history,Crown Royal Whisky | Canadian Whisky | Crown Royal,ok:quarantined:direct-parallel,Low,0,1,0,0,low relevance score with weak whisky evidence; quarantined to protect enrichment quality
2026-04-17T23:42:45.302966+00:00,distillery,Callington Mill Distillery,https://callingtonmilldistillery.com/collections/poltergeist-gin,Poltergeist Gin – Callington Mill Distillery logo-paypal,ok:direct,Medium,20,0,0,11,some extracted metadata
2026-04-17T23:42:44.477361+00:00,distillery,Callington Mill Distillery,https://callingtonmilldistillery.com/collections/merchandise,Merchandise – Callington Mill Distillery logo-paypal,ok:direct,Medium,38,0,0,23,rich extracted metadata
2026-04-17T23:42:43.656160+00:00,distillery,Callington Mill Distillery,https://callingtonmilldistillery.com/collections/heritage-series,Heritage Series – Callington Mill Distillery logo-paypal,ok:direct,Medium,30,0,0,13,rich extracted metadata
2026-04-17T23:42:42.836345+00:00,distillery,Callington Mill Distillery,https://callingtonmilldistillery.com/collections/gin,POLTERGEIST GIN – Callington Mill Distillery logo-paypal,ok:direct,Medium,20,0,0,7,some extracted metadata
2026-04-17T23:41:40.447547+00:00,distillery,Woodlands Distillery,https://www.woodlandsdistillery.com/faq,FAQ | WOODLANDS DISTILLERY,ok:direct-parallel,Medium,38,0,0,13,rich extracted metadata
2026-04-17T23:40:19.889334+00:00,distillery,Callington Mill Distillery,https://callingtonmilldistillery.com/collections/gift-packs,Gift Packs – Callington Mill Distillery logo-paypal,ok:direct,Medium,20,0,0,6,some extracted metadata
2026-04-17T23:40:19.069255+00:00,distillery,Callington Mill Distillery,https://callingtonmilldistillery.com/collections/collaborations,Collaborations – Callington Mill Distillery logo-paypal,ok:direct,Medium,38,0,0,14,rich extracted metadata
2026-04-17T23:40:18.245095+00:00,distillery,Callington Mill Distillery,https://callingtonmilldistillery.com/collections/all?page=1,All – Callington Mill Distillery logo-paypal,ok:direct,Medium,30,0,0,24,rich extracted metadata
2026-04-17T23:40:18.240082+00:00,distillery,Callington Mill Distillery,https://callingtonmilldistillery.com/collections/archive?page=1,Archive – Callington Mill Distillery logo-paypal,excluded:not-whisky-relevant,Low,8,1,1,0,low relevance score with weak whisky evidence; quarantined to protect enrichment quality
2026-04-17T23:39:49.029873+00:00,distillery,Woodlands Distillery,https://www.woodlandsdistillery.com/contact,Contact / Find Us | Woodlands Distillery | Porongurup,excluded:not-whisky-relevant,Low,0,1,1,0,low relevance score with weak whisky evidence; quarantined to protect enrichment quality
2026-04-17T23:39:45.813152+00:00,distillery,Woodlands Distillery,https://www.woodlandsdistillery.com/about-our-whisky,WHISKY | Woodlands Distillery,excluded:not-whisky-relevant,Low,8,1,1,0,low relevance score with weak whisky evidence; quarantined to protect enrichment quality
2026-04-17T23:39:43.566942+00:00,distillery,The Grove Distillery,https://www.grovedistillery.com.au/,,error:direct:direct-parallel https://www.grovedistillery.com.au/: <urlopen error [Errno -2] Name or service not known>,Low,0,0,0,0,
2026-04-17T23:38:54.420235+00:00,distillery,Nullaki Distillery,https://www.nullakidistillery.com/?add-to-cart=739,Home | Nullaki Distillery Nullaki Distillery - Nullaki Distillery - Nullaki Distillery -,ok:direct-parallel,Medium,38,0,0,23,rich extracted metadata
2026-04-17T23:38:03.947811+00:00,distillery,Callington Mill Distillery,https://callingtonmilldistillery.com/collections/classic-collection,Classic Range – Callington Mill Distillery logo-paypal,ok:direct,Medium,30,0,0,13,rich extracted metadata
2026-04-17T23:38:03.945016+00:00,distillery,Callington Mill Distillery,https://callingtonmilldistillery.com/collections/archive?page=2,Archive – Page 2 – Callington Mill Distillery logo-paypal,excluded:not-whisky-relevant,Low,8,1,1,0,low relevance score with weak whisky evidence; quarantined to protect enrichment quality
2026-04-17T23:38:03.942039+00:00,distillery,Callington Mill Distillery,https://callingtonmilldistillery.com/collections/all?page=2,All – Page 2 – Callington Mill Distillery logo-paypal,excluded:not-whisky-relevant,Low,8,1,1,0,low relevance score with weak whisky evidence; quarantined to protect enrichment quality
2026-04-17T23:38:03.937314+00:00,distillery,Callington Mill Distillery,https://callingtonmilldistillery.com/account/register,Create Account – Callington Mill Distillery logo-paypal,excluded:not-whisky-relevant,Low,8,1,1,0,low relevance score with weak whisky evidence; quarantined to protect enrichment quality
2026-04-17T23:37:17.132334+00:00,distillery,Geographe Distillery (Bellwether),https://www.geographewine.com.au/,Home - Geographe Wine Association,ok:direct-parallel,Medium,20,0,0,8,some extracted metadata
2026-04-17T23:37:04.567684+00:00,distillery,Callington Mill Distillery,https://callingtonmilldistillery.com/collections/all,All – Callington Mill Distillery logo-paypal,ok:direct,Medium,38,0,0,21,rich extracted metadata
2026-04-17T23:37:03.734294+00:00,distillery,Callington Mill Distillery,https://callingtonmilldistillery.com/blogs/news/world-renowned-poltergeist-gin-now-distilled-in-a-new-home,World renowned Poltergeist Gin now distilled in a new home. – Callington Mill Distillery logo-paypal,ok:direct,Medium,38,0,0,31,rich extracted metadata
2026-04-17T23:37:03.731213+00:00,distillery,Callington Mill Distillery,https://callingtonmilldistillery.com/collections/archive,Archive – Callington Mill Distillery logo-paypal,excluded:not-whisky-relevant,Low,8,1,1,0,low relevance score with weak whisky evidence; quarantined to protect enrichment quality
2026-04-17T23:37:03.725286+00:00,distillery,Callington Mill Distillery,https://callingtonmilldistillery.com/account/login,Account – Callington Mill Distillery logo-paypal,excluded:not-whisky-relevant,Low,8,1,1,0,low relevance score with weak whisky evidence; quarantined to protect enrichment quality
2026-04-17T23:35:38.952183+00:00,distillery,Timboon Railway Shed Distillery,https://www.timboondistillery.com.au/products/12-apostles-gin-200ml,12 Apostles Gin 200ml American Express Apple Pay Google Pay Mastercard PayPal Shop Pay Union Pay Visa,ok:direct-parallel,Medium,38,0,0,17,rich extracted metadata
2026-04-17T23:34:58.051869+00:00,distillery,Callington Mill Distillery,https://callingtonmilldistillery.com/blogs/news/the-pure-art-of-whisky-why-callington-mill-distillery-neither-chill-filters-nor-flocks,The Pure Art of Whisky: Why Callington Mill Distillery Neither Chill F logo-paypal,ok:direct,Medium,38,0,0,22,rich extracted metadata
2026-04-17T23:34:56.952802+00:00,distillery,Callington Mill Distillery,https://callingtonmilldistillery.com/blogs/news/the-fascinating-history-of-whisky-making-in-tasmania,The fascinating history of whisky making in Tasmania – Callington Mill Distillery logo-paypal,ok:direct,Medium,30,0,0,18,rich extracted metadata
2026-04-17T23:34:56.125205+00:00,distillery,Callington Mill Distillery,https://callingtonmilldistillery.com/blogs/news/the-art-of-solera-callington-mill-s-unique-approach-to-whisky,The Art of Solera: Callington Mill’s Unique Approach to Whisky Craftsm – Callington Mill Distillery logo-paypal,ok:direct,Medium,38,0,0,20,rich extracted metadata
2026-04-17T23:34:55.295826+00:00,distillery,Callington Mill Distillery,https://callingtonmilldistillery.com/blogs/news/refreshing-whisky-cocktails-to-try-this-summer,Refreshing whisky cocktails to try this Summer – Callington Mill Distillery logo-paypal,ok:direct,Medium,38,0,0,25,rich extracted metadata
2026-04-17T23:33:13.731989+00:00,distillery,Callington Mill Distillery,https://callingtonmilldistillery.com/blogs/news/our-whisky-making-process,Our whisky making process – Callington Mill Distillery logo-paypal,ok:direct,Medium,38,0,0,40,rich extracted metadata
2026-04-17T23:33:12.884613+00:00,distillery,Callington Mill Distillery,https://callingtonmilldistillery.com/blogs/news/oatlands-tasmania-the-history-of-our-beautiful-town,"Oatlands, Tasmania: The history of our beautiful town – Callington Mill Distillery logo-paypal",ok:direct,Medium,30,0,0,13,rich extracted metadata
2026-04-17T23:33:11.945583+00:00,distillery,Callington Mill Distillery,https://callingtonmilldistillery.com/blogs/news/heres-why-tasmania-is-perfect-for-making-whisky,Here's why Tasmania is perfect for making whisky. – Callington Mill Distillery logo-paypal,ok:direct,Medium,38,0,0,36,rich extracted metadata
2026-04-17T23:33:11.113827+00:00,distillery,Callington Mill Distillery,https://callingtonmilldistillery.com/blogs/news/callington-mill-cooperage-where-oak-matters-most,Callington Mill Cooperage - Where “Oak Matters Most” – Callington Mill Distillery logo-paypal,ok:direct-sequential,Medium,38,0,0,22,rich extracted metadata
2026-04-17T23:31:15.121350+00:00,distillery,Callington Mill Distillery,https://callingtonmilldistillery.com/pages/story-of-callington-mill-distillery-john-ibrahim-bill-lark,The Story of Callington Mill Distillery logo-paypal,ok:direct,Medium,30,0,0,12,rich extracted metadata
2026-04-17T23:31:13.373606+00:00,distillery,Callington Mill Distillery,https://callingtonmilldistillery.com/blogs/news,News – Callington Mill Distillery logo-paypal,ok:direct-sequential,Medium,38,0,0,19,rich extracted metadata
2026-04-17T23:31:13.370350+00:00,distillery,Callington Mill Distillery,https://callingtonmilldistillery.com/search,Search – Callington Mill Distillery logo-paypal,excluded:not-whisky-relevant,Low,8,1,1,0,low relevance score with weak whisky evidence; quarantined to protect enrichment quality
2026-04-17T23:31:12.969620+00:00,distillery,Callington Mill Distillery,https://callingtonmilldistillery.com/cart,Your Shopping Cart – Callington Mill Distillery logo-paypal,excluded:not-whisky-relevant,Low,8,1,1,0,low relevance score with weak whisky evidence; quarantined to protect enrichment quality
2026-04-17T23:30:51.956841+00:00,distillery,Starward,https://starward.com.au/blogs/journal?page=14,Starward Distilled Journal Blog | Starward Australian Whisky – Page 14,ok:direct-parallel,Medium,20,0,0,7,some extracted metadata
2026-04-17T23:29:47.048717+00:00,distillery,Callington Mill Distillery,https://callingtonmilldistillery.com/,Callington Mill Distillery | Tasmanian Single Malt Whisky logo-paypal,ok:direct-sequential,Medium,20,0,0,8,some extracted metadata
2026-04-17T23:29:11.543423+00:00,distillery,Kinglake Distillery,https://kinglakedistillery.com.au/,Kinglake Distillery - handmade single malt whisky American Express Apple Pay Google Pay Mastercard Shop Pay Union Pay Visa,ok:direct-parallel,Medium,20,0,0,11,some extracted metadata
2026-04-17T23:28:33.629848+00:00,distillery,Chief's Son Distillery,https://www.chiefssondistillery.com.au/,,error:direct:direct-parallel https://www.chiefssondistillery.com.au/: <urlopen error [Errno -2] Name or service not known>,Low,0,0,0,0,
2026-04-17T23:28:01.172155+00:00,distillery,Backwoods Distilling Co.,https://backwoodsdistilling.com.au/blogs/in-the-media-3/muscat-gin-concreteplayground,Concrete Playground: Muscat Gin Collaboration,ok:direct-parallel,Medium,20,0,0,6,some extracted metadata
2026-04-17T23:27:10.843914+00:00,distillery,Waubs Harbour Whisky,https://waubsharbourwhisky.com/blogs/events/event-limited-release-kelp-revival-launch,EVENT: Limited Release 'Kelp Revival' Launch | Waubs Harbour Whisky,ok:direct-parallel,Medium,38,0,0,20,rich extracted metadata
2026-04-17T23:26:10.420814+00:00,distillery,Sullivans Cove,https://sullivanscove.com/collections/all,All Products – Sullivans Cove Whisky,ok:direct-parallel,Medium,38,0,0,14,rich extracted metadata
2026-04-17T23:25:36.388386+00:00,distillery,Sullivans Cove,https://sullivanscove.com/cart,Your Shopping Cart – Sullivans Cove Whisky,excluded:not-whisky-relevant,Low,8,1,1,0,low relevance score with weak whisky evidence; quarantined to protect enrichment quality
2026-04-17T23:25:16.847204+00:00,distillery,Shene Distillery,https://larkdistillery.com/products/lark-pontville-distillery,"LARK Distillery, Pontville",ok:direct-parallel,Medium,38,0,0,15,rich extracted metadata
2026-04-17T23:24:13.536565+00:00,distillery,McHenry Distillery,https://www.mchenrydistillery.com.au/,McHenry Distillery Tasmania - Premium Tasmanian Whisky Gin & Spirits – McHenry Tasmania American Express Apple Pay Google Pay Mastercard Shop Pay Union Pay Visa,ok:direct-parallel,Medium,38,0,0,24,rich extracted metadata
2026-04-17T23:23:08.292651+00:00,distillery,Lawrenny Estate Distillery,https://www.lawrenny.com/,Lawrenny Estate Distillery | Tasmanian Single Malt Whisky,ok:direct-parallel,Medium,38,0,0,18,rich extracted metadata
2026-04-17T23:21:50.790414+00:00,distillery,Launceston Distillery,https://launcestondistillery.com.au/news/?e-page-e98cbda=2,News | Launceston Distillery,ok:direct-parallel,Medium,30,0,0,12,rich extracted metadata
2026-04-17T23:20:59.176031+00:00,distillery,Lark Distillery,https://larkdistillery.com/blogs/events-at-lark/events-at-hobart-cellar-door,Events at Hobart Cellar Door – LARK Distillery,ok:direct-parallel,Medium,20,0,0,7,some extracted metadata
2026-04-17T23:20:43.670171+00:00,distillery,Lark Distillery,https://larkdistillery.com/blogs/journal?page=9,Journal and Press Releases | Lark Distillery – Page 9 – LARK Distillery,excluded:not-whisky-relevant,Low,8,1,1,0,low relevance score with weak whisky evidence; quarantined to protect enrichment quality
2026-04-17T23:20:42.750685+00:00,distillery,Lark Distillery,https://larkdistillery.com/blogs/journal?page=8,Journal and Press Releases | Lark Distillery – Page 8 – LARK Distillery,excluded:not-whisky-relevant,Low,8,1,1,0,low relevance score with weak whisky evidence; quarantined to protect enrichment quality
2026-04-17T23:20:42.063321+00:00,distillery,Lark Distillery,https://larkdistillery.com/blogs/journal?page=7,Journal and Press Releases | Lark Distillery – Page 7 – LARK Distillery,excluded:not-whisky-relevant,Low,8,1,1,0,low relevance score with weak whisky evidence; quarantined to protect enrichment quality
2026-04-17T23:20:41.271399+00:00,distillery,Lark Distillery,https://larkdistillery.com/blogs/journal?page=6,Journal and Press Releases | Lark Distillery – Page 6 – LARK Distillery,excluded:not-whisky-relevant,Low,8,1,1,0,low relevance score with weak whisky evidence; quarantined to protect enrichment quality
2026-04-17T23:20:40.638741+00:00,distillery,Lark Distillery,https://larkdistillery.com/blogs/journal?page=5,Journal and Press Releases | Lark Distillery – Page 5 – LARK Distillery,excluded:not-whisky-relevant,Low,8,1,1,0,low relevance score with weak whisky evidence; quarantined to protect enrichment quality
2026-04-17T23:20:39.736940+00:00,distillery,Lark Distillery,https://larkdistillery.com/blogs/journal?page=4,Journal and Press Releases | Lark Distillery – Page 4 – LARK Distillery,excluded:not-whisky-relevant,Low,8,1,1,0,low relevance score with weak whisky evidence; quarantined to protect enrichment quality
2026-04-17T23:20:39.043341+00:00,distillery,Lark Distillery,https://larkdistillery.com/blogs/journal?page=3,Journal and Press Releases | Lark Distillery – Page 3 – LARK Distillery,excluded:not-whisky-relevant,Low,8,1,1,0,low relevance score with weak whisky evidence; quarantined to protect enrichment quality
2026-04-17T23:20:38.219292+00:00,distillery,Lark Distillery,https://larkdistillery.com/blogs/journal?page=2,Journal and Press Releases | Lark Distillery – Page 2 – LARK Distillery,excluded:not-whisky-relevant,Low,8,1,1,0,low relevance score with weak whisky evidence; quarantined to protect enrichment quality
2026-04-17T23:20:37.480945+00:00,distillery,Lark Distillery,https://larkdistillery.com/blogs/journal?page=10,Journal and Press Releases | Lark Distillery – Page 10 – LARK Distillery,excluded:not-whisky-relevant,Low,8,1,1,0,low relevance score with weak whisky evidence; quarantined to protect enrichment quality
2026-04-17T23:20:36.710030+00:00,distillery,Lark Distillery,https://larkdistillery.com/blogs/journal?page=1,Journal and Press Releases | Lark Distillery – LARK Distillery,excluded:not-whisky-relevant,Low,8,1,1,0,low relevance score with weak whisky evidence; quarantined to protect enrichment quality
2026-04-17T23:20:34.671464+00:00,distillery,Lark Distillery,https://larkdistillery.com/blogs/journal?page=11,Journal and Press Releases | Lark Distillery – Page 11 – LARK Distillery,excluded:not-whisky-relevant,Low,8,1,1,0,low relevance score with weak whisky evidence; quarantined to protect enrichment quality
2026-04-17T23:20:33.900526+00:00,distillery,Lark Distillery,https://larkdistillery.com/blogs/journal,Journal and Press Releases | Lark Distillery – LARK Distillery,excluded:not-whisky-relevant,Low,8,1,1,0,low relevance score with weak whisky evidence; quarantined to protect enrichment quality
2026-04-17T23:20:33.219815+00:00,distillery,Killara Distillery,https://killaradistillery.com.au/,,error:direct:direct-parallel https://killaradistillery.com.au/: <urlopen error [Errno -3] Temporary failure in name resolution>,Low,0,0,0,0,
2026-04-17T23:20:05.898199+00:00,distillery,Hobart Whisky,https://hobartwhisky.com.au/,Hobart Whisky - Tasmanian Single Malt Whisky.,ok:direct-parallel,Medium,38,0,0,18,rich extracted metadata
2026-04-17T23:18:51.817741+00:00,distillery,Hellyers Road,https://hellyersroaddistillery.com.au/blogs/whisky-talks?page=2,Whisky Talks | a blog by Hellyers Road – Page 2 – Hellyers Road Distillery icon-X instagram account icon-search icon-hamburger icon-chevron-left icon-chevron icon-email icon-X icon-chevron-left icon-X icon-chevron icon-X,ok:direct-parallel,Medium,38,0,0,26,rich extracted metadata
2026-04-17T23:17:45.440099+00:00,distillery,Furneaux Distillery,https://www.furneauxdistillery.com.au/,Furneaux Distillery - Australia's Maritime Whisky,ok:direct-parallel,Medium,30,0,0,22,rich extracted metadata
2026-04-17T23:14:39.012280+00:00,distillery,Belgrove Distillery,https://belgrovedistillery.com.au/collections/all,Products – Belgrove Distillery,ok:direct-parallel,Medium,38,0,0,28,rich extracted metadata
2026-04-17T23:12:41.615399+00:00,distillery,Battery Point Distillery,https://batterypointdistillery.com/shop/?product_count=12&product_order=desc&product_orderby=default&product_view=grid,Shop - Battery Point Distillery,ok:direct-parallel,Medium,30,0,0,19,rich extracted metadata
2026-04-17T23:11:47.313639+00:00,distillery,Smith's Angaston Distillery,https://www.smithsangaston.com.au/,,error:direct:direct-parallel https://www.smithsangaston.com.au/: <urlopen error [Errno -2] Name or service not known>,Low,0,0,0,0,
2026-04-17T23:11:47.213696+00:00,distillery,Iniquity Whisky (Tin Shed Distilling),https://iniquity.com.au/,,error:direct:direct-parallel https://iniquity.com.au/: <urlopen error [SSL: RECORD_LAYER_FAILURE] record layer failure (_ssl.c:1029)>,Low,0,0,0,0,
2026-04-17T23:11:25.071738+00:00,distillery,Fleurieu Distillery,https://www.fleurieudistillery.com.au/,The Fleurieu Distillery Apple Pay Google Pay Mastercard PayPal Shop Pay Visa,ok:direct-parallel,Medium,20,0,0,8,some extracted metadata
2026-04-17T23:09:31.001223+00:00,distillery,Barossa Distilling Co. (Gallus),https://barossadistilling.com/blog/,Blog - Barossa Distilling Co,ok:direct-parallel,Medium,20,0,0,7,some extracted metadata
2026-04-17T23:08:47.268291+00:00,distillery,Adelaide Distillery,https://adelaidedistillery.com.au/gin,Adelaide Gin | Premium Craft Gin $85 | Adelaide Distillery,ok:direct-parallel,Medium,30,0,0,14,rich extracted metadata
2026-04-17T23:08:26.789426+00:00,distillery,5Nines Distilling,https://www.5ninesdistilling.com.au/,5Nines Distilling,ok:quarantined:direct-parallel,Low,6,1,0,1,low relevance score; quarantined to protect enrichment quality
